participant.id_in_session,participant.code,participant.label,participant._is_bot,participant._index_in_pages,participant._max_page_index,participant._current_app_name,participant._current_page_name,participant.time_started,participant.visited,participant.mturk_worker_id,participant.mturk_assignment_id,participant.payoff,player.id_in_group,player.participant_vars,player.treatment,player.taskrole,player.payoff,group.id_in_subsession,subsession.round_number,session.code,session.label,session.mturk_HITId,session.mturk_HITGroupId,session.comment,session.is_demo
1,01rowk8a,P2,0,74,74,el_end,B_End,2020-10-07 22:55:32.198189+00:00,1,,,20.50,1,"{""id"": 1, ""treatstrategy"": 0, ""survey_part"": 7, ""expiry_timestamp"": 1602116481.8184578, ""consent"": true, ""is_dropout"": false, ""ctrl_errors_count"": 5, ""ctrltaskpaid_errors_count"": 0, ""ctrltask1roundpaid_errors_count"": 1, ""ctrlgroup_errors_count"": 0, ""ctrlfeedback_errors_count"": 0, ""ctrlpayoffmember_errors_count"": 0, ""ctrlpayoffleader_errors_count"": 0, ""ctrlpaymentrole_errors_count"": 0, ""ctrlbeliefpayment_errors_count"": 1, ""ctrltruthtelling_errors_count"": 3, ""higheffort_0"": false, ""prior_0"": 25, ""posteriorsuccess_0"": 50, ""posteriorfailure_0"": 100, ""groupinvestsuccess_0"": false, ""payoffinvest_0"": 250, ""payoffbelief_0"": 0, ""droppedouteffort_0"": false, ""leaderdroppedout_0"": false, ""groupreturnsuccess_0"": 200, ""groupreturnfailure_0"": 0, ""droppedoutprior_0"": false, ""droppedoutposterior_0"": false, ""roundpayoff_0"": 250, ""leader"": true, ""member"": false, ""PR_investendowment"": 300, ""PR_leaderhigheffort"": false, ""PR_costefforthigh"": 250, ""PR_costeffortlow"": 50, ""PR_prior"": null, ""PR_posteriorsuccess"": null, ""PR_posteriorfailure"": null, ""PR_groupreturnsuccess"": 250, ""PR_groupreturnfailure"": 50, ""PR_groupinvestsuccess"": false, ""PR_bsrsuccessprior"": null, ""PR_bsrsuccessposterior"": null, ""PR_payoffinvest"": 300, ""PR_payoffbelief"": 0, ""PR_beliefquestion"": 1, ""PR_paidinvest"": true, ""task1payoff"": 300, ""higheffort_1"": false, ""groupinvestsuccess_1"": false, ""payoffinvest_1"": 300, ""payoffbelief_1"": 0, ""droppedouteffort_1"": false, ""leaderdroppedout_1"": false, ""groupreturnsuccess_1"": 250, ""groupreturnfailure_1"": 50, ""droppedoutprior_1"": false, ""droppedoutposterior_1"": false, ""roundpayoff_1"": 300, ""higheffort_2"": false, ""groupinvestsuccess_2"": false, ""payoffinvest_2"": 250, ""payoffbelief_2"": 0, ""droppedouteffort_2"": false, ""leaderdroppedout_2"": false, ""groupreturnsuccess_2"": 200, ""groupreturnfailure_2"": 0, ""droppedoutprior_2"": false, ""droppedoutposterior_2"": false, ""roundpayoff_2"": 250, ""higheffort_3"": true, ""groupinvestsuccess_3"": true, ""payoffinvest_3"": 350, ""payoffbelief_3"": 0, ""droppedouteffort_3"": false, ""leaderdroppedout_3"": false, ""groupreturnsuccess_3"": 300, ""groupreturnfailure_3"": 50, ""droppedoutprior_3"": false, ""droppedoutposterior_3"": false, ""roundpayoff_3"": 350, ""gave"": 250, ""kept"": 50, ""droppedoutDG"": null, ""dictator"": true, ""recipient"": false, ""dictatorendowment"": 300, ""dictator_amt"": 50, ""recipient_amt"": 250, ""task2payoff"": 50, ""comments_general"": ""the experiment was straight to the point and easily understood. Investment decisions were somehow really biased to the leader as in both cases he could choose to maximize his profits without caring about team members payments"", ""comments_unclear"": ""None"", ""year_birth"": 1992, ""female"": 0, ""study_field"": ""Engineering"", ""study_lvl"": ""Graduate student"", ""gpa"": ""H2A (75%-79%)"", ""nationality"": ""Cameroonian"", ""other_nationality"": null, ""country_born"": ""CM"", ""other_country_born"": null, ""years_lived_australia"": ""1-2 years"", ""past_experiments"": 4, ""reasons_effort_general"": ""Maximizing my profits and not considering my team members for the first two rounds\r\nThe last rounds I considered the profit of my team members."", ""effort_fac_leader_payoff"": true, ""effort_fac_member_payoff"": false, ""effort_fac_diff_return"": false, ""effort_fac_zero"": false, ""effort_fac_none"": false, ""belief_dictator_gave"": 3, ""risk_invest"": 30, ""risk_keep"": 20, ""droppedoutRG"": null, ""risk_payoff"": 110, ""risk_success"": true}",NSM,Leader,0.00,1,1,9utu797p,201008 Session 1,,,Session 1 NSM,0
2,kbl83lpz,P4,0,74,74,el_end,B_End,2020-10-07 22:55:40.664562+00:00,1,,,17.50,2,"{""id"": 2, ""treatstrategy"": 0, ""survey_part"": 7, ""expiry_timestamp"": 1602116274.5228658, ""consent"": true, ""is_dropout"": false, ""ctrl_errors_count"": 0, ""ctrltaskpaid_errors_count"": 0, ""ctrltask1roundpaid_errors_count"": 0, ""ctrlgroup_errors_count"": 0, ""ctrlfeedback_errors_count"": 0, ""ctrlpayoffmember_errors_count"": 0, ""ctrlpayoffleader_errors_count"": 0, ""ctrlpaymentrole_errors_count"": 0, ""ctrlbeliefpayment_errors_count"": 0, ""ctrltruthtelling_errors_count"": 0, ""higheffort_0"": true, ""prior_0"": 75, ""posteriorsuccess_0"": 80, ""posteriorfailure_0"": 75, ""groupinvestsuccess_0"": false, ""payoffinvest_0"": 0, ""payoffbelief_0"": 0, ""droppedouteffort_0"": false, ""leaderdroppedout_0"": false, ""groupreturnsuccess_0"": 200, ""groupreturnfailure_0"": 0, ""droppedoutprior_0"": false, ""droppedoutposterior_0"": false, ""roundpayoff_0"": 0, ""leader"": false, ""member"": true, ""PR_investendowment"": 300, ""PR_leaderhigheffort"": false, ""PR_costefforthigh"": 250, ""PR_costeffortlow"": 50, ""PR_prior"": 75, ""PR_posteriorsuccess"": 80, ""PR_posteriorfailure"": 75, ""PR_groupreturnsuccess"": 250, ""PR_groupreturnfailure"": 50, ""PR_groupinvestsuccess"": false, ""PR_bsrsuccessprior"": true, ""PR_bsrsuccessposterior"": true, ""PR_payoffinvest"": 50, ""PR_payoffbelief"": 200, ""PR_beliefquestion"": 1, ""PR_paidinvest"": false, ""task1payoff"": 200, ""prior_1"": 75, ""posteriorsuccess_1"": 80, ""posteriorfailure_1"": 75, ""higheffort_1"": true, ""groupinvestsuccess_1"": false, ""payoffinvest_1"": 50, ""payoffbelief_1"": 200, ""droppedouteffort_1"": false, ""leaderdroppedout_1"": false, ""groupreturnsuccess_1"": 250, ""groupreturnfailure_1"": 50, ""droppedoutprior_1"": false, ""droppedoutposterior_1"": false, ""roundpayoff_1"": 200, ""prior_2"": 75, ""posteriorsuccess_2"": 100, ""posteriorfailure_2"": 75, ""higheffort_2"": true, ""groupinvestsuccess_2"": false, ""payoffinvest_2"": 0, ""payoffbelief_2"": 200, ""droppedouteffort_2"": false, ""leaderdroppedout_2"": false, ""groupreturnsuccess_2"": 200, ""groupreturnfailure_2"": 0, ""droppedoutprior_2"": false, ""droppedoutposterior_2"": false, ""roundpayoff_2"": 200, ""prior_3"": 100, ""posteriorsuccess_3"": 100, ""posteriorfailure_3"": 75, ""higheffort_3"": true, ""groupinvestsuccess_3"": true, ""payoffinvest_3"": 300, ""payoffbelief_3"": 200, ""droppedouteffort_3"": false, ""leaderdroppedout_3"": false, ""groupreturnsuccess_3"": 300, ""groupreturnfailure_3"": 50, ""droppedoutprior_3"": false, ""droppedoutposterior_3"": false, ""roundpayoff_3"": 200, ""gave"": 150, ""kept"": 150, ""droppedoutDG"": null, ""dictator"": true, ""recipient"": false, ""dictatorendowment"": 300, ""dictator_amt"": 150, ""recipient_amt"": 150, ""task2payoff"": 150, ""comments_general"": ""It was simple and easy to understand."", ""comments_unclear"": ""No"", ""year_birth"": 1997, ""female"": 1, ""study_field"": ""Arts/ Social Sciences"", ""study_lvl"": ""3rd-year undergraduate"", ""gpa"": ""P (50%-64%)"", ""nationality"": ""American"", ""other_nationality"": null, ""country_born"": ""US"", ""other_country_born"": null, ""years_lived_australia"": ""2-5 years"", ""past_experiments"": 0, ""reasons_beliefs_general"": ""Low real life losses (none of their own money at stake) theoretical"", ""belief_fac_leader_payoff"": true, ""belief_fac_strategy"": true, ""belief_fac_member_payoff"": false, ""belief_fac_diff_return"": false, ""belief_fac_zero"": false, ""belief_fac_none"": false, ""belief_dictator_gave"": 4, ""risk_invest"": 50, ""risk_keep"": 0, ""droppedoutRG"": null, ""risk_payoff"": 150, ""risk_success"": true}",NSM,Member,0.00,1,1,9utu797p,201008 Session 1,,,Session 1 NSM,0
3,ly8h7tut,P5,0,74,74,el_end,B_End,2020-10-07 22:55:54.764067+00:00,1,,,10.00,3,"{""id"": 3, ""treatstrategy"": 0, ""survey_part"": 7, ""expiry_timestamp"": 1602116373.1675544, ""consent"": true, ""is_dropout"": false, ""ctrl_errors_count"": 3, ""ctrltaskpaid_errors_count"": 1, ""ctrltask1roundpaid_errors_count"": 0, ""ctrlgroup_errors_count"": 0, ""ctrlfeedback_errors_count"": 0, ""ctrlpayoffmember_errors_count"": 0, ""ctrlpayoffleader_errors_count"": 1, ""ctrlpaymentrole_errors_count"": 0, ""ctrlbeliefpayment_errors_count"": 1, ""ctrltruthtelling_errors_count"": 0, ""higheffort_0"": true, ""prior_0"": 100, ""posteriorsuccess_0"": 100, ""posteriorfailure_0"": 0, ""groupinvestsuccess_0"": false, ""payoffinvest_0"": 0, ""payoffbelief_0"": 200, ""droppedouteffort_0"": false, ""leaderdroppedout_0"": false, ""groupreturnsuccess_0"": 200, ""groupreturnfailure_0"": 0, ""droppedoutprior_0"": false, ""droppedoutposterior_0"": false, ""roundpayoff_0"": 0, ""leader"": false, ""member"": true, ""PR_investendowment"": 300, ""PR_leaderhigheffort"": false, ""PR_costefforthigh"": 250, ""PR_costeffortlow"": 50, ""PR_prior"": 100, ""PR_posteriorsuccess"": 100, ""PR_posteriorfailure"": 25, ""PR_groupreturnsuccess"": 250, ""PR_groupreturnfailure"": 50, ""PR_groupinvestsuccess"": false, ""PR_bsrsuccessprior"": false, ""PR_bsrsuccessposterior"": true, ""PR_payoffinvest"": 50, ""PR_payoffbelief"": 0, ""PR_beliefquestion"": 1, ""PR_paidinvest"": true, ""task1payoff"": 50, ""prior_1"": 100, ""posteriorsuccess_1"": 100, ""posteriorfailure_1"": 25, ""higheffort_1"": true, ""groupinvestsuccess_1"": false, ""payoffinvest_1"": 50, ""payoffbelief_1"": 0, ""droppedouteffort_1"": false, ""leaderdroppedout_1"": false, ""groupreturnsuccess_1"": 250, ""groupreturnfailure_1"": 50, ""droppedoutprior_1"": false, ""droppedoutposterior_1"": false, ""roundpayoff_1"": 50, ""prior_2"": 25, ""posteriorsuccess_2"": 100, ""posteriorfailure_2"": 25, ""higheffort_2"": false, ""groupinvestsuccess_2"": false, ""payoffinvest_2"": 0, ""payoffbelief_2"": 0, ""droppedouteffort_2"": false, ""leaderdroppedout_2"": false, ""groupreturnsuccess_2"": 200, ""groupreturnfailure_2"": 0, ""droppedoutprior_2"": false, ""droppedoutposterior_2"": false, ""roundpayoff_2"": 0, ""prior_3"": 100, ""posteriorsuccess_3"": 75, ""posteriorfailure_3"": 25, ""higheffort_3"": false, ""groupinvestsuccess_3"": true, ""payoffinvest_3"": 300, ""payoffbelief_3"": 200, ""droppedouteffort_3"": false, ""leaderdroppedout_3"": false, ""groupreturnsuccess_3"": 300, ""groupreturnfailure_3"": 50, ""droppedoutprior_3"": false, ""droppedoutposterior_3"": false, ""roundpayoff_3"": 200, ""gave"": 150, ""kept"": 150, ""droppedoutDG"": null, ""dictator"": true, ""recipient"": false, ""dictatorendowment"": 300, ""dictator_amt"": 150, ""recipient_amt"": 150, ""task2payoff"": 150, ""comments_general"": ""well-structured and interesting"", ""comments_unclear"": ""perhaps the table can be put up for the stage 2 second part questions"", ""year_birth"": 1994, ""female"": 1, ""study_field"": ""Dentistry/ Oral Health"", ""study_lvl"": ""Graduate student"", ""gpa"": ""H2A (75%-79%)"", ""nationality"": ""Australian"", ""other_nationality"": null, ""country_born"": ""CN"", ""other_country_born"": null, ""years_lived_australia"": ""More than 5 years"", ""past_experiments"": 3, ""reasons_beliefs_general"": ""leader's payoffs mainly if considering everyone wants to optimise their payoffs. But perhaps there's a soical element to it where they compare the success and failure payoffs for their members."", ""belief_fac_leader_payoff"": true, ""belief_fac_strategy"": false, ""belief_fac_member_payoff"": false, ""belief_fac_diff_return"": false, ""belief_fac_zero"": false, ""belief_fac_none"": false, ""belief_dictator_gave"": 4, ""risk_invest"": 50, ""risk_keep"": 0, ""droppedoutRG"": null, ""risk_payoff"": 150, ""risk_success"": true}",NSM,Member,0.00,1,1,9utu797p,201008 Session 1,,,Session 1 NSM,0
4,u83ckprm,P1,0,74,74,el_end,B_End,2020-10-07 22:55:59.620658+00:00,1,,,32.50,4,"{""id"": 4, ""treatstrategy"": 0, ""survey_part"": 7, ""expiry_timestamp"": 1602116260.9882927, ""consent"": true, ""is_dropout"": false, ""ctrl_errors_count"": 3, ""ctrltaskpaid_errors_count"": 0, ""ctrltask1roundpaid_errors_count"": 0, ""ctrlgroup_errors_count"": 1, ""ctrlfeedback_errors_count"": 1, ""ctrlpayoffmember_errors_count"": 0, ""ctrlpayoffleader_errors_count"": 1, ""ctrlpaymentrole_errors_count"": 0, ""ctrlbeliefpayment_errors_count"": 0, ""ctrltruthtelling_errors_count"": 0, ""higheffort_0"": false, ""prior_0"": 0, ""posteriorsuccess_0"": 0, ""posteriorfailure_0"": 0, ""groupinvestsuccess_0"": false, ""payoffinvest_0"": 250, ""payoffbelief_0"": 0, ""droppedouteffort_0"": false, ""leaderdroppedout_0"": false, ""groupreturnsuccess_0"": 200, ""groupreturnfailure_0"": 0, ""droppedoutprior_0"": false, ""droppedoutposterior_0"": false, ""roundpayoff_0"": 250, ""leader"": true, ""member"": false, ""PR_investendowment"": 300, ""PR_leaderhigheffort"": false, ""PR_costefforthigh"": 250, ""PR_costeffortlow"": 50, ""PR_prior"": null, ""PR_posteriorsuccess"": null, ""PR_posteriorfailure"": null, ""PR_groupreturnsuccess"": 250, ""PR_groupreturnfailure"": 50, ""PR_groupinvestsuccess"": true, ""PR_bsrsuccessprior"": null, ""PR_bsrsuccessposterior"": null, ""PR_payoffinvest"": 500, ""PR_payoffbelief"": 0, ""PR_beliefquestion"": 2, ""PR_paidinvest"": true, ""task1payoff"": 500, ""higheffort_1"": false, ""groupinvestsuccess_1"": true, ""payoffinvest_1"": 500, ""payoffbelief_1"": 0, ""droppedouteffort_1"": false, ""leaderdroppedout_1"": false, ""groupreturnsuccess_1"": 250, ""groupreturnfailure_1"": 50, ""droppedoutprior_1"": false, ""droppedoutposterior_1"": false, ""roundpayoff_1"": 500, ""higheffort_2"": false, ""groupinvestsuccess_2"": false, ""payoffinvest_2"": 300, ""payoffbelief_2"": 0, ""droppedouteffort_2"": false, ""leaderdroppedout_2"": false, ""groupreturnsuccess_2"": 300, ""groupreturnfailure_2"": 50, ""droppedoutprior_2"": false, ""droppedoutposterior_2"": false, ""roundpayoff_2"": 300, ""higheffort_3"": false, ""groupinvestsuccess_3"": false, ""payoffinvest_3"": 250, ""payoffbelief_3"": 0, ""droppedouteffort_3"": false, ""leaderdroppedout_3"": false, ""groupreturnsuccess_3"": 200, ""groupreturnfailure_3"": 0, ""droppedoutprior_3"": false, ""droppedoutposterior_3"": false, ""roundpayoff_3"": 250, ""gave"": 0, ""kept"": 300, ""droppedoutDG"": null, ""dictator"": false, ""recipient"": true, ""dictatorendowment"": 300, ""dictator_amt"": 50, ""recipient_amt"": 250, ""task2payoff"": 250, ""comments_general"": ""it really asks us to reflect on how our decision will impact others"", ""comments_unclear"": ""nope"", ""year_birth"": 1992, ""female"": 0, ""study_field"": ""Engineering"", ""study_lvl"": ""Graduate student"", ""gpa"": ""H1 (80%-100%)"", ""nationality"": ""Indonesian"", ""other_nationality"": null, ""country_born"": ""ID"", ""other_country_born"": null, ""years_lived_australia"": ""1-2 years"", ""past_experiments"": 1, ""reasons_effort_general"": ""average total outcome based on probability"", ""effort_fac_leader_payoff"": true, ""effort_fac_member_payoff"": false, ""effort_fac_diff_return"": true, ""effort_fac_zero"": false, ""effort_fac_none"": false, ""belief_dictator_gave"": 2, ""risk_invest"": 50, ""risk_keep"": 0, ""droppedoutRG"": null, ""risk_payoff"": 150, ""risk_success"": true}",NSM,Leader,0.00,1,1,9utu797p,201008 Session 1,,,Session 1 NSM,0
5,e4now4nk,P6,0,74,74,el_end,B_End,2020-10-07 22:56:12.085849+00:00,1,,,17.50,5,"{""id"": 5, ""treatstrategy"": 0, ""survey_part"": 7, ""expiry_timestamp"": 1602116398.3491824, ""consent"": true, ""is_dropout"": false, ""ctrl_errors_count"": 7, ""ctrltaskpaid_errors_count"": 2, ""ctrltask1roundpaid_errors_count"": 1, ""ctrlgroup_errors_count"": 1, ""ctrlfeedback_errors_count"": 0, ""ctrlpayoffmember_errors_count"": 0, ""ctrlpayoffleader_errors_count"": 0, ""ctrlpaymentrole_errors_count"": 0, ""ctrlbeliefpayment_errors_count"": 1, ""ctrltruthtelling_errors_count"": 2, ""higheffort_0"": true, ""prior_0"": 70, ""posteriorsuccess_0"": 70, ""posteriorfailure_0"": 30, ""groupinvestsuccess_0"": false, ""payoffinvest_0"": 0, ""payoffbelief_0"": 200, ""droppedouteffort_0"": false, ""leaderdroppedout_0"": false, ""groupreturnsuccess_0"": 200, ""groupreturnfailure_0"": 0, ""droppedoutprior_0"": false, ""droppedoutposterior_0"": false, ""roundpayoff_0"": 0, ""leader"": false, ""member"": true, ""PR_investendowment"": 300, ""PR_leaderhigheffort"": false, ""PR_costefforthigh"": 250, ""PR_costeffortlow"": 50, ""PR_prior"": 55, ""PR_posteriorsuccess"": 75, ""PR_posteriorfailure"": 25, ""PR_groupreturnsuccess"": 250, ""PR_groupreturnfailure"": 50, ""PR_groupinvestsuccess"": true, ""PR_bsrsuccessprior"": true, ""PR_bsrsuccessposterior"": false, ""PR_payoffinvest"": 250, ""PR_payoffbelief"": 200, ""PR_beliefquestion"": 1, ""PR_paidinvest"": true, ""task1payoff"": 250, ""prior_1"": 55, ""posteriorsuccess_1"": 75, ""posteriorfailure_1"": 25, ""higheffort_1"": true, ""groupinvestsuccess_1"": true, ""payoffinvest_1"": 250, ""payoffbelief_1"": 200, ""droppedouteffort_1"": false, ""leaderdroppedout_1"": false, ""groupreturnsuccess_1"": 250, ""groupreturnfailure_1"": 50, ""droppedoutprior_1"": false, ""droppedoutposterior_1"": false, ""roundpayoff_1"": 250, ""prior_2"": 55, ""posteriorsuccess_2"": 50, ""posteriorfailure_2"": 50, ""higheffort_2"": false, ""groupinvestsuccess_2"": false, ""payoffinvest_2"": 50, ""payoffbelief_2"": 0, ""droppedouteffort_2"": false, ""leaderdroppedout_2"": false, ""groupreturnsuccess_2"": 300, ""groupreturnfailure_2"": 50, ""droppedoutprior_2"": false, ""droppedoutposterior_2"": false, ""roundpayoff_2"": 0, ""prior_3"": 75, ""posteriorsuccess_3"": 60, ""posteriorfailure_3"": 40, ""higheffort_3"": true, ""groupinvestsuccess_3"": false, ""payoffinvest_3"": 0, ""payoffbelief_3"": 200, ""droppedouteffort_3"": false, ""leaderdroppedout_3"": false, ""groupreturnsuccess_3"": 200, ""groupreturnfailure_3"": 0, ""droppedoutprior_3"": false, ""droppedoutposterior_3"": false, ""roundpayoff_3"": 200, ""gave"": 150, ""kept"": 150, ""droppedoutDG"": null, ""dictator"": false, ""recipient"": true, ""dictatorendowment"": 300, ""dictator_amt"": 150, ""recipient_amt"": 150, ""task2payoff"": 150, ""comments_general"": ""thought-provoking"", ""comments_unclear"": ""the questions at the start were unclear."", ""year_birth"": 1991, ""female"": 1, ""study_field"": ""Other"", ""study_lvl"": ""Graduate student"", ""gpa"": ""H2B (70%-74%)"", ""nationality"": ""Indian"", ""other_nationality"": null, ""country_born"": ""IN"", ""other_country_born"": null, ""years_lived_australia"": ""2-5 years"", ""past_experiments"": 2, ""reasons_beliefs_general"": ""the % of succeeding and failing and how the much the participants will get for each investment decision taken by the leader."", ""belief_fac_leader_payoff"": true, ""belief_fac_strategy"": true, ""belief_fac_member_payoff"": false, ""belief_fac_diff_return"": true, ""belief_fac_zero"": false, ""belief_fac_none"": false, ""belief_dictator_gave"": 2, ""risk_invest"": 25, ""risk_keep"": 25, ""droppedoutRG"": null, ""risk_payoff"": 100, ""risk_success"": true}",NSM,Member,0.00,1,1,9utu797p,201008 Session 1,,,Session 1 NSM,0
6,mjpar8j3,P3,0,74,74,el_end,B_End,2020-10-07 22:56:53.649246+00:00,1,,,20.00,6,"{""id"": 6, ""treatstrategy"": 0, ""survey_part"": 7, ""expiry_timestamp"": 1602116437.150097, ""consent"": true, ""is_dropout"": false, ""ctrl_errors_count"": 5, ""ctrltaskpaid_errors_count"": 0, ""ctrltask1roundpaid_errors_count"": 1, ""ctrlgroup_errors_count"": 1, ""ctrlfeedback_errors_count"": 2, ""ctrlpayoffmember_errors_count"": 0, ""ctrlpayoffleader_errors_count"": 0, ""ctrlpaymentrole_errors_count"": 0, ""ctrlbeliefpayment_errors_count"": 0, ""ctrltruthtelling_errors_count"": 1, ""higheffort_0"": false, ""prior_0"": 75, ""posteriorsuccess_0"": 75, ""posteriorfailure_0"": 75, ""groupinvestsuccess_0"": false, ""payoffinvest_0"": 0, ""payoffbelief_0"": 200, ""droppedouteffort_0"": false, ""leaderdroppedout_0"": false, ""groupreturnsuccess_0"": 200, ""groupreturnfailure_0"": 0, ""droppedoutprior_0"": false, ""droppedoutposterior_0"": false, ""roundpayoff_0"": 200, ""leader"": false, ""member"": true, ""PR_investendowment"": 300, ""PR_leaderhigheffort"": false, ""PR_costefforthigh"": 250, ""PR_costeffortlow"": 50, ""PR_prior"": 75, ""PR_posteriorsuccess"": 50, ""PR_posteriorfailure"": 50, ""PR_groupreturnsuccess"": 250, ""PR_groupreturnfailure"": 50, ""PR_groupinvestsuccess"": true, ""PR_bsrsuccessprior"": false, ""PR_bsrsuccessposterior"": true, ""PR_payoffinvest"": 250, ""PR_payoffbelief"": 200, ""PR_beliefquestion"": 2, ""PR_paidinvest"": true, ""task1payoff"": 250, ""prior_1"": 75, ""posteriorsuccess_1"": 50, ""posteriorfailure_1"": 50, ""higheffort_1"": false, ""groupinvestsuccess_1"": true, ""payoffinvest_1"": 250, ""payoffbelief_1"": 200, ""droppedouteffort_1"": false, ""leaderdroppedout_1"": false, ""groupreturnsuccess_1"": 250, ""groupreturnfailure_1"": 50, ""droppedoutprior_1"": false, ""droppedoutposterior_1"": false, ""roundpayoff_1"": 250, ""prior_2"": 50, ""posteriorsuccess_2"": 80, ""posteriorfailure_2"": 50, ""higheffort_2"": false, ""groupinvestsuccess_2"": false, ""payoffinvest_2"": 50, ""payoffbelief_2"": 200, ""droppedouteffort_2"": false, ""leaderdroppedout_2"": false, ""groupreturnsuccess_2"": 300, ""groupreturnfailure_2"": 50, ""droppedoutprior_2"": false, ""droppedoutposterior_2"": false, ""roundpayoff_2"": 50, ""prior_3"": 100, ""posteriorsuccess_3"": 100, ""posteriorfailure_3"": 100, ""higheffort_3"": true, ""groupinvestsuccess_3"": false, ""payoffinvest_3"": 0, ""payoffbelief_3"": 0, ""droppedouteffort_3"": false, ""leaderdroppedout_3"": false, ""groupreturnsuccess_3"": 200, ""groupreturnfailure_3"": 0, ""droppedoutprior_3"": false, ""droppedoutposterior_3"": false, ""roundpayoff_3"": 0, ""gave"": 150, ""kept"": 150, ""droppedoutDG"": null, ""dictator"": false, ""recipient"": true, ""dictatorendowment"": 300, ""dictator_amt"": 150, ""recipient_amt"": 150, ""task2payoff"": 150, ""comments_general"": ""Its about decsion making, taking risk and reponsibility"", ""comments_unclear"": ""No"", ""year_birth"": 1994, ""female"": 0, ""study_field"": ""Engineering"", ""study_lvl"": ""Graduate student"", ""gpa"": ""H2A (75%-79%)"", ""nationality"": ""Yemeni"", ""other_nationality"": null, ""country_born"": ""YE"", ""other_country_born"": null, ""years_lived_australia"": ""1-2 years"", ""past_experiments"": 2, ""reasons_beliefs_general"": ""benefits and risk analysis of the project succeed or fail"", ""belief_fac_leader_payoff"": false, ""belief_fac_strategy"": true, ""belief_fac_member_payoff"": false, ""belief_fac_diff_return"": false, ""belief_fac_zero"": false, ""belief_fac_none"": false, ""belief_dictator_gave"": 4, ""risk_invest"": 50, ""risk_keep"": 0, ""droppedoutRG"": null, ""risk_payoff"": 150, ""risk_success"": true}",NSM,Member,0.00,1,1,9utu797p,201008 Session 1,,,Session 1 NSM,0
7,adguz609,P7,0,74,74,el_end,B_End,2020-10-07 22:58:11.626683+00:00,1,,,17.50,7,"{""id"": 7, ""treatstrategy"": 0, ""survey_part"": 7, ""expiry_timestamp"": 1602116408.9551919, ""consent"": true, ""is_dropout"": false, ""ctrl_errors_count"": 1, ""ctrltaskpaid_errors_count"": 0, ""ctrltask1roundpaid_errors_count"": 0, ""ctrlgroup_errors_count"": 0, ""ctrlfeedback_errors_count"": 0, ""ctrlpayoffmember_errors_count"": 0, ""ctrlpayoffleader_errors_count"": 0, ""ctrlpaymentrole_errors_count"": 0, ""ctrlbeliefpayment_errors_count"": 1, ""ctrltruthtelling_errors_count"": 0, ""higheffort_0"": true, ""prior_0"": 40, ""posteriorsuccess_0"": 100, ""posteriorfailure_0"": 0, ""groupinvestsuccess_0"": true, ""payoffinvest_0"": 250, ""payoffbelief_0"": 0, ""droppedouteffort_0"": false, ""leaderdroppedout_0"": false, ""groupreturnsuccess_0"": 200, ""groupreturnfailure_0"": 0, ""droppedoutprior_0"": false, ""droppedoutposterior_0"": false, ""roundpayoff_0"": 250, ""leader"": true, ""member"": false, ""PR_investendowment"": 300, ""PR_leaderhigheffort"": false, ""PR_costefforthigh"": 250, ""PR_costeffortlow"": 50, ""PR_prior"": null, ""PR_posteriorsuccess"": null, ""PR_posteriorfailure"": null, ""PR_groupreturnsuccess"": 200, ""PR_groupreturnfailure"": 0, ""PR_groupinvestsuccess"": false, ""PR_bsrsuccessprior"": null, ""PR_bsrsuccessposterior"": null, ""PR_payoffinvest"": 250, ""PR_payoffbelief"": 0, ""PR_beliefquestion"": 2, ""PR_paidinvest"": true, ""task1payoff"": 250, ""higheffort_1"": false, ""groupinvestsuccess_1"": false, ""payoffinvest_1"": 250, ""payoffbelief_1"": 0, ""droppedouteffort_1"": false, ""leaderdroppedout_1"": false, ""groupreturnsuccess_1"": 200, ""groupreturnfailure_1"": 0, ""droppedoutprior_1"": false, ""droppedoutposterior_1"": false, ""roundpayoff_1"": 250, ""higheffort_2"": false, ""groupinvestsuccess_2"": false, ""payoffinvest_2"": 300, ""payoffbelief_2"": 0, ""droppedouteffort_2"": false, ""leaderdroppedout_2"": false, ""groupreturnsuccess_2"": 250, ""groupreturnfailure_2"": 50, ""droppedoutprior_2"": false, ""droppedoutposterior_2"": false, ""roundpayoff_2"": 300, ""higheffort_3"": false, ""groupinvestsuccess_3"": false, ""payoffinvest_3"": 300, ""payoffbelief_3"": 0, ""droppedouteffort_3"": false, ""leaderdroppedout_3"": false, ""groupreturnsuccess_3"": 300, ""groupreturnfailure_3"": 50, ""droppedoutprior_3"": false, ""droppedoutposterior_3"": false, ""roundpayoff_3"": 300, ""gave"": 100, ""kept"": 200, ""droppedoutDG"": null, ""dictator"": true, ""recipient"": false, ""dictatorendowment"": 300, ""dictator_amt"": 200, ""recipient_amt"": 100, ""task2payoff"": 200, ""comments_general"": ""I think this experiment what relatively straightforward. It was easy to follow instructions and the tasks were short and simple."", ""comments_unclear"": ""None."", ""year_birth"": 1995, ""female"": 1, ""study_field"": ""Environments"", ""study_lvl"": ""Graduate student"", ""gpa"": ""H1 (80%-100%)"", ""nationality"": ""Malaysian"", ""other_nationality"": null, ""country_born"": ""PH"", ""other_country_born"": null, ""years_lived_australia"": ""1-2 years"", ""past_experiments"": 3, ""reasons_effort_general"": ""I considered my own payoffs and whether I would still gain even though the investment failed. I also took into consideration payoffs to group members, but I tended to favor my own payoffs."", ""effort_fac_leader_payoff"": true, ""effort_fac_member_payoff"": true, ""effort_fac_diff_return"": true, ""effort_fac_zero"": false, ""effort_fac_none"": false, ""belief_dictator_gave"": 3, ""risk_invest"": 25, ""risk_keep"": 25, ""droppedoutRG"": null, ""risk_payoff"": 100, ""risk_success"": true}",NSM,Leader,0.00,1,1,9utu797p,201008 Session 1,,,Session 1 NSM,0
8,apnxdqi9,P8,0,74,74,el_end,B_End,2020-10-07 22:58:19.421955+00:00,1,,,0.00,8,"{""id"": 8, ""treatstrategy"": 0, ""survey_part"": 7, ""expiry_timestamp"": 1602116242.0262387, ""consent"": true, ""is_dropout"": false, ""ctrl_errors_count"": 0, ""ctrltaskpaid_errors_count"": 0, ""ctrltask1roundpaid_errors_count"": 0, ""ctrlgroup_errors_count"": 0, ""ctrlfeedback_errors_count"": 0, ""ctrlpayoffmember_errors_count"": 0, ""ctrlpayoffleader_errors_count"": 0, ""ctrlpaymentrole_errors_count"": 0, ""ctrlbeliefpayment_errors_count"": 0, ""ctrltruthtelling_errors_count"": 0, ""higheffort_0"": false, ""prior_0"": 0, ""posteriorsuccess_0"": 0, ""posteriorfailure_0"": 0, ""groupinvestsuccess_0"": true, ""payoffinvest_0"": 200, ""payoffbelief_0"": 0, ""droppedouteffort_0"": false, ""leaderdroppedout_0"": false, ""groupreturnsuccess_0"": 200, ""groupreturnfailure_0"": 0, ""droppedoutprior_0"": false, ""droppedoutposterior_0"": false, ""roundpayoff_0"": 200, ""leader"": false, ""member"": true, ""PR_investendowment"": 300, ""PR_leaderhigheffort"": false, ""PR_costefforthigh"": 250, ""PR_costeffortlow"": 50, ""PR_prior"": 0, ""PR_posteriorsuccess"": 0, ""PR_posteriorfailure"": 0, ""PR_groupreturnsuccess"": 200, ""PR_groupreturnfailure"": 0, ""PR_groupinvestsuccess"": false, ""PR_bsrsuccessprior"": true, ""PR_bsrsuccessposterior"": true, ""PR_payoffinvest"": 0, ""PR_payoffbelief"": 200, ""PR_beliefquestion"": 2, ""PR_paidinvest"": true, ""task1payoff"": 0, ""prior_1"": 0, ""posteriorsuccess_1"": 0, ""posteriorfailure_1"": 0, ""higheffort_1"": false, ""groupinvestsuccess_1"": false, ""payoffinvest_1"": 0, ""payoffbelief_1"": 200, ""droppedouteffort_1"": false, ""leaderdroppedout_1"": false, ""groupreturnsuccess_1"": 200, ""groupreturnfailure_1"": 0, ""droppedoutprior_1"": false, ""droppedoutposterior_1"": false, ""roundpayoff_1"": 0, ""prior_2"": 0, ""posteriorsuccess_2"": 0, ""posteriorfailure_2"": 0, ""higheffort_2"": false, ""groupinvestsuccess_2"": false, ""payoffinvest_2"": 50, ""payoffbelief_2"": 200, ""droppedouteffort_2"": false, ""leaderdroppedout_2"": false, ""groupreturnsuccess_2"": 250, ""groupreturnfailure_2"": 50, ""droppedoutprior_2"": false, ""droppedoutposterior_2"": false, ""roundpayoff_2"": 200, ""prior_3"": 20, ""posteriorsuccess_3"": 20, ""posteriorfailure_3"": 20, ""higheffort_3"": false, ""groupinvestsuccess_3"": false, ""payoffinvest_3"": 50, ""payoffbelief_3"": 200, ""droppedouteffort_3"": false, ""leaderdroppedout_3"": false, ""groupreturnsuccess_3"": 300, ""groupreturnfailure_3"": 50, ""droppedoutprior_3"": false, ""droppedoutposterior_3"": false, ""roundpayoff_3"": 200, ""gave"": 0, ""kept"": 300, ""droppedoutDG"": null, ""dictator"": true, ""recipient"": false, ""dictatorendowment"": 300, ""dictator_amt"": 300, ""recipient_amt"": 0, ""task2payoff"": 300, ""comments_general"": ""It took too long to wait for the other participants."", ""comments_unclear"": ""No."", ""year_birth"": 1998, ""female"": 0, ""study_field"": ""Commerce (Economics)"", ""study_lvl"": ""3rd-year undergraduate"", ""gpa"": ""H1 (80%-100%)"", ""nationality"": ""Malaysian"", ""other_nationality"": null, ""country_born"": ""MY"", ""other_country_born"": null, ""years_lived_australia"": ""2-5 years"", ""past_experiments"": 3, ""reasons_beliefs_general"": ""I assumed they would be selfish"", ""belief_fac_leader_payoff"": false, ""belief_fac_strategy"": true, ""belief_fac_member_payoff"": false, ""belief_fac_diff_return"": false, ""belief_fac_zero"": false, ""belief_fac_none"": false, ""belief_dictator_gave"": 1, ""risk_invest"": 50, ""risk_keep"": 0, ""droppedoutRG"": null, ""risk_payoff"": 0, ""risk_success"": false}",NSM,Member,0.00,1,1,9utu797p,201008 Session 1,,,Session 1 NSM,0
9,w9gc1dxq,P9,0,74,74,el_end,B_End,2020-10-07 22:58:50.564876+00:00,1,,,5.50,9,"{""id"": 9, ""treatstrategy"": 0, ""survey_part"": 7, ""expiry_timestamp"": 1602116355.4293416, ""consent"": true, ""is_dropout"": false, ""ctrl_errors_count"": 1, ""ctrltaskpaid_errors_count"": 1, ""ctrltask1roundpaid_errors_count"": 0, ""ctrlgroup_errors_count"": 0, ""ctrlfeedback_errors_count"": 0, ""ctrlpayoffmember_errors_count"": 0, ""ctrlpayoffleader_errors_count"": 0, ""ctrlpaymentrole_errors_count"": 0, ""ctrlbeliefpayment_errors_count"": 0, ""ctrltruthtelling_errors_count"": 0, ""higheffort_0"": false, ""prior_0"": 40, ""posteriorsuccess_0"": 75, ""posteriorfailure_0"": 25, ""groupinvestsuccess_0"": true, ""payoffinvest_0"": 200, ""payoffbelief_0"": 200, ""droppedouteffort_0"": false, ""leaderdroppedout_0"": false, ""groupreturnsuccess_0"": 200, ""groupreturnfailure_0"": 0, ""droppedoutprior_0"": false, ""droppedoutposterior_0"": false, ""roundpayoff_0"": 200, ""leader"": false, ""member"": true, ""PR_investendowment"": 300, ""PR_leaderhigheffort"": false, ""PR_costefforthigh"": 250, ""PR_costeffortlow"": 50, ""PR_prior"": 50, ""PR_posteriorsuccess"": 90, ""PR_posteriorfailure"": 20, ""PR_groupreturnsuccess"": 200, ""PR_groupreturnfailure"": 0, ""PR_groupinvestsuccess"": false, ""PR_bsrsuccessprior"": true, ""PR_bsrsuccessposterior"": true, ""PR_payoffinvest"": 0, ""PR_payoffbelief"": 200, ""PR_beliefquestion"": 1, ""PR_paidinvest"": true, ""task1payoff"": 0, ""prior_1"": 50, ""posteriorsuccess_1"": 90, ""posteriorfailure_1"": 20, ""higheffort_1"": false, ""groupinvestsuccess_1"": false, ""payoffinvest_1"": 0, ""payoffbelief_1"": 200, ""droppedouteffort_1"": false, ""leaderdroppedout_1"": false, ""groupreturnsuccess_1"": 200, ""groupreturnfailure_1"": 0, ""droppedoutprior_1"": false, ""droppedoutposterior_1"": false, ""roundpayoff_1"": 0, ""prior_2"": 25, ""posteriorsuccess_2"": 80, ""posteriorfailure_2"": 10, ""higheffort_2"": false, ""groupinvestsuccess_2"": false, ""payoffinvest_2"": 50, ""payoffbelief_2"": 200, ""droppedouteffort_2"": false, ""leaderdroppedout_2"": false, ""groupreturnsuccess_2"": 250, ""groupreturnfailure_2"": 50, ""droppedoutprior_2"": false, ""droppedoutposterior_2"": false, ""roundpayoff_2"": 200, ""prior_3"": 10, ""posteriorsuccess_3"": 90, ""posteriorfailure_3"": 10, ""higheffort_3"": false, ""groupinvestsuccess_3"": false, ""payoffinvest_3"": 50, ""payoffbelief_3"": 200, ""droppedouteffort_3"": false, ""leaderdroppedout_3"": false, ""groupreturnsuccess_3"": 300, ""groupreturnfailure_3"": 50, ""droppedoutprior_3"": false, ""droppedoutposterior_3"": false, ""roundpayoff_3"": 200, ""gave"": 10, ""kept"": 290, ""droppedoutDG"": null, ""dictator"": true, ""recipient"": false, ""dictatorendowment"": 300, ""dictator_amt"": 290, ""recipient_amt"": 10, ""task2payoff"": 290, ""comments_general"": ""This sounds like something that usually happens in our daily life."", ""comments_unclear"": ""No"", ""year_birth"": 1993, ""female"": 0, ""study_field"": ""Medicine"", ""study_lvl"": ""Graduate student"", ""gpa"": ""H1 (80%-100%)"", ""nationality"": ""Indonesian"", ""other_nationality"": null, ""country_born"": ""ID"", ""other_country_born"": null, ""years_lived_australia"": ""1-2 years"", ""past_experiments"": 6, ""reasons_beliefs_general"": ""- Individual's preference to always maximize their profit, i.e. to choose the plan with the most profit to themselves\r\n- Their merit to maximize the organization's profit (make sure that everyone also wins) --> but this might be less likely in this case"", ""belief_fac_leader_payoff"": true, ""belief_fac_strategy"": true, ""belief_fac_member_payoff"": false, ""belief_fac_diff_return"": false, ""belief_fac_zero"": false, ""belief_fac_none"": false, ""belief_dictator_gave"": 3, ""risk_invest"": 30, ""risk_keep"": 20, ""droppedoutRG"": null, ""risk_payoff"": 110, ""risk_success"": true}",NSM,Member,0.00,1,1,9utu797p,201008 Session 1,,,Session 1 NSM,0
10,tr84uffm,P10,0,74,74,el_end,B_End,2020-10-07 22:59:10.447733+00:00,1,,,12.50,10,"{""id"": 10, ""treatstrategy"": 0, ""survey_part"": 7, ""expiry_timestamp"": 1602116421.750706, ""consent"": true, ""is_dropout"": false, ""ctrl_errors_count"": 0, ""ctrltaskpaid_errors_count"": 0, ""ctrltask1roundpaid_errors_count"": 0, ""ctrlgroup_errors_count"": 0, ""ctrlfeedback_errors_count"": 0, ""ctrlpayoffmember_errors_count"": 0, ""ctrlpayoffleader_errors_count"": 0, ""ctrlpaymentrole_errors_count"": 0, ""ctrlbeliefpayment_errors_count"": 0, ""ctrltruthtelling_errors_count"": 0, ""higheffort_0"": false, ""prior_0"": 10, ""posteriorsuccess_0"": 75, ""posteriorfailure_0"": 25, ""groupinvestsuccess_0"": false, ""payoffinvest_0"": 250, ""payoffbelief_0"": 0, ""droppedouteffort_0"": false, ""leaderdroppedout_0"": false, ""groupreturnsuccess_0"": 200, ""groupreturnfailure_0"": 0, ""droppedoutprior_0"": false, ""droppedoutposterior_0"": false, ""roundpayoff_0"": 250, ""leader"": true, ""member"": false, ""PR_investendowment"": 300, ""PR_leaderhigheffort"": false, ""PR_costefforthigh"": 250, ""PR_costeffortlow"": 50, ""PR_prior"": null, ""PR_posteriorsuccess"": null, ""PR_posteriorfailure"": null, ""PR_groupreturnsuccess"": 200, ""PR_groupreturnfailure"": 0, ""PR_groupinvestsuccess"": false, ""PR_bsrsuccessprior"": null, ""PR_bsrsuccessposterior"": null, ""PR_payoffinvest"": 250, ""PR_payoffbelief"": 0, ""PR_beliefquestion"": 2, ""PR_paidinvest"": true, ""task1payoff"": 250, ""higheffort_1"": false, ""groupinvestsuccess_1"": false, ""payoffinvest_1"": 250, ""payoffbelief_1"": 0, ""droppedouteffort_1"": false, ""leaderdroppedout_1"": false, ""groupreturnsuccess_1"": 200, ""groupreturnfailure_1"": 0, ""droppedoutprior_1"": false, ""droppedoutposterior_1"": false, ""roundpayoff_1"": 250, ""higheffort_2"": false, ""groupinvestsuccess_2"": false, ""payoffinvest_2"": 300, ""payoffbelief_2"": 0, ""droppedouteffort_2"": false, ""leaderdroppedout_2"": false, ""groupreturnsuccess_2"": 300, ""groupreturnfailure_2"": 50, ""droppedoutprior_2"": false, ""droppedoutposterior_2"": false, ""roundpayoff_2"": 300, ""higheffort_3"": false, ""groupinvestsuccess_3"": false, ""payoffinvest_3"": 300, ""payoffbelief_3"": 0, ""droppedouteffort_3"": false, ""leaderdroppedout_3"": false, ""groupreturnsuccess_3"": 250, ""groupreturnfailure_3"": 50, ""droppedoutprior_3"": false, ""droppedoutposterior_3"": false, ""roundpayoff_3"": 300, ""gave"": 150, ""kept"": 150, ""droppedoutDG"": null, ""dictator"": false, ""recipient"": true, ""dictatorendowment"": 300, ""dictator_amt"": 200, ""recipient_amt"": 100, ""task2payoff"": 100, ""comments_general"": ""It was interesting that in Task 1, as leader I did not really consider the other members of the team that much in making my decisions. However, in Task 2, I actively considered the other partner in making my decision."", ""comments_unclear"": ""The experiment was clear."", ""year_birth"": 1991, ""female"": 0, ""study_field"": ""Engineering"", ""study_lvl"": ""Not a student"", ""gpa"": ""H2A (75%-79%)"", ""nationality"": ""Malaysian"", ""other_nationality"": null, ""country_born"": ""MY"", ""other_country_born"": null, ""years_lived_australia"": ""More than 5 years"", ""past_experiments"": 5, ""reasons_effort_general"": ""The option that provided the highest expected payoff for me as leader."", ""effort_fac_leader_payoff"": true, ""effort_fac_member_payoff"": false, ""effort_fac_diff_return"": false, ""effort_fac_zero"": false, ""effort_fac_none"": false, ""belief_dictator_gave"": 4, ""risk_invest"": 50, ""risk_keep"": 0, ""droppedoutRG"": null, ""risk_payoff"": 0, ""risk_success"": false}",NSM,Leader,0.00,1,1,9utu797p,201008 Session 1,,,Session 1 NSM,0
11,g7l3pf12,P12,0,74,74,el_end,B_End,2020-10-07 22:59:49.906663+00:00,1,,,5.50,11,"{""id"": 11, ""treatstrategy"": 0, ""survey_part"": 7, ""expiry_timestamp"": 1602116463.9342842, ""consent"": true, ""is_dropout"": false, ""ctrl_errors_count"": 3, ""ctrltaskpaid_errors_count"": 0, ""ctrltask1roundpaid_errors_count"": 0, ""ctrlgroup_errors_count"": 1, ""ctrlfeedback_errors_count"": 0, ""ctrlpayoffmember_errors_count"": 0, ""ctrlpayoffleader_errors_count"": 0, ""ctrlpaymentrole_errors_count"": 0, ""ctrlbeliefpayment_errors_count"": 0, ""ctrltruthtelling_errors_count"": 2, ""higheffort_0"": false, ""prior_0"": 30, ""posteriorsuccess_0"": 70, ""posteriorfailure_0"": 50, ""groupinvestsuccess_0"": false, ""payoffinvest_0"": 0, ""payoffbelief_0"": 200, ""droppedouteffort_0"": false, ""leaderdroppedout_0"": false, ""groupreturnsuccess_0"": 200, ""groupreturnfailure_0"": 0, ""droppedoutprior_0"": false, ""droppedoutposterior_0"": false, ""roundpayoff_0"": 0, ""leader"": false, ""member"": true, ""PR_investendowment"": 300, ""PR_leaderhigheffort"": false, ""PR_costefforthigh"": 250, ""PR_costeffortlow"": 50, ""PR_prior"": 0, ""PR_posteriorsuccess"": 100, ""PR_posteriorfailure"": 0, ""PR_groupreturnsuccess"": 200, ""PR_groupreturnfailure"": 0, ""PR_groupinvestsuccess"": false, ""PR_bsrsuccessprior"": true, ""PR_bsrsuccessposterior"": true, ""PR_payoffinvest"": 0, ""PR_payoffbelief"": 200, ""PR_beliefquestion"": 2, ""PR_paidinvest"": true, ""task1payoff"": 0, ""prior_1"": 0, ""posteriorsuccess_1"": 100, ""posteriorfailure_1"": 0, ""higheffort_1"": false, ""groupinvestsuccess_1"": false, ""payoffinvest_1"": 0, ""payoffbelief_1"": 200, ""droppedouteffort_1"": false, ""leaderdroppedout_1"": false, ""groupreturnsuccess_1"": 200, ""groupreturnfailure_1"": 0, ""droppedoutprior_1"": false, ""droppedoutposterior_1"": false, ""roundpayoff_1"": 0, ""prior_2"": 20, ""posteriorsuccess_2"": 100, ""posteriorfailure_2"": 20, ""higheffort_2"": false, ""groupinvestsuccess_2"": false, ""payoffinvest_2"": 50, ""payoffbelief_2"": 200, ""droppedouteffort_2"": false, ""leaderdroppedout_2"": false, ""groupreturnsuccess_2"": 300, ""groupreturnfailure_2"": 50, ""droppedoutprior_2"": false, ""droppedoutposterior_2"": false, ""roundpayoff_2"": 200, ""prior_3"": 50, ""posteriorsuccess_3"": 50, ""posteriorfailure_3"": 50, ""higheffort_3"": false, ""groupinvestsuccess_3"": false, ""payoffinvest_3"": 50, ""payoffbelief_3"": 0, ""droppedouteffort_3"": false, ""leaderdroppedout_3"": false, ""groupreturnsuccess_3"": 250, ""groupreturnfailure_3"": 50, ""droppedoutprior_3"": false, ""droppedoutposterior_3"": false, ""roundpayoff_3"": 50, ""gave"": 0, ""kept"": 300, ""droppedoutDG"": null, ""dictator"": false, ""recipient"": true, ""dictatorendowment"": 300, ""dictator_amt"": 300, ""recipient_amt"": 0, ""task2payoff"": 0, ""comments_general"": ""Interesting decision making aspect."", ""comments_unclear"": ""In task 1, the instructions of if you are not the leader could be more clear."", ""year_birth"": 1997, ""female"": 0, ""study_field"": ""Engineering"", ""study_lvl"": ""Graduate student"", ""gpa"": ""H2B (70%-74%)"", ""nationality"": ""Indian"", ""other_nationality"": null, ""country_born"": ""IN"", ""other_country_born"": null, ""years_lived_australia"": ""1-2 years"", ""past_experiments"": 1, ""reasons_beliefs_general"": ""- the payoff amount s/he will get as investment Y will always give a high payoff to the leader"", ""belief_fac_leader_payoff"": true, ""belief_fac_strategy"": false, ""belief_fac_member_payoff"": false, ""belief_fac_diff_return"": false, ""belief_fac_zero"": true, ""belief_fac_none"": false, ""belief_dictator_gave"": 3, ""risk_invest"": 30, ""risk_keep"": 20, ""droppedoutRG"": null, ""risk_payoff"": 110, ""risk_success"": true}",NSM,Member,0.00,1,1,9utu797p,201008 Session 1,,,Session 1 NSM,0
12,rb6suu11,P13,0,74,74,el_end,B_End,2020-10-07 22:59:51.737124+00:00,1,,,1.25,12,"{""id"": 12, ""treatstrategy"": 0, ""survey_part"": 7, ""expiry_timestamp"": 1602116316.6857338, ""consent"": true, ""is_dropout"": false, ""ctrl_errors_count"": 2, ""ctrltaskpaid_errors_count"": 0, ""ctrltask1roundpaid_errors_count"": 2, ""ctrlgroup_errors_count"": 0, ""ctrlfeedback_errors_count"": 0, ""ctrlpayoffmember_errors_count"": 0, ""ctrlpayoffleader_errors_count"": 0, ""ctrlpaymentrole_errors_count"": 0, ""ctrlbeliefpayment_errors_count"": 0, ""ctrltruthtelling_errors_count"": 0, ""higheffort_0"": true, ""prior_0"": 75, ""posteriorsuccess_0"": 80, ""posteriorfailure_0"": 80, ""groupinvestsuccess_0"": false, ""payoffinvest_0"": 0, ""payoffbelief_0"": 0, ""droppedouteffort_0"": false, ""leaderdroppedout_0"": false, ""groupreturnsuccess_0"": 200, ""groupreturnfailure_0"": 0, ""droppedoutprior_0"": false, ""droppedoutposterior_0"": false, ""roundpayoff_0"": 0, ""leader"": false, ""member"": true, ""PR_investendowment"": 300, ""PR_leaderhigheffort"": false, ""PR_costefforthigh"": 250, ""PR_costeffortlow"": 50, ""PR_prior"": 50, ""PR_posteriorsuccess"": 75, ""PR_posteriorfailure"": 25, ""PR_groupreturnsuccess"": 200, ""PR_groupreturnfailure"": 0, ""PR_groupinvestsuccess"": false, ""PR_bsrsuccessprior"": true, ""PR_bsrsuccessposterior"": true, ""PR_payoffinvest"": 0, ""PR_payoffbelief"": 200, ""PR_beliefquestion"": 2, ""PR_paidinvest"": true, ""task1payoff"": 0, ""prior_1"": 50, ""posteriorsuccess_1"": 75, ""posteriorfailure_1"": 25, ""higheffort_1"": false, ""groupinvestsuccess_1"": false, ""payoffinvest_1"": 0, ""payoffbelief_1"": 200, ""droppedouteffort_1"": false, ""leaderdroppedout_1"": false, ""groupreturnsuccess_1"": 200, ""groupreturnfailure_1"": 0, ""droppedoutprior_1"": false, ""droppedoutposterior_1"": false, ""roundpayoff_1"": 0, ""prior_2"": 50, ""posteriorsuccess_2"": 75, ""posteriorfailure_2"": 25, ""higheffort_2"": false, ""groupinvestsuccess_2"": false, ""payoffinvest_2"": 50, ""payoffbelief_2"": 200, ""droppedouteffort_2"": false, ""leaderdroppedout_2"": false, ""groupreturnsuccess_2"": 300, ""groupreturnfailure_2"": 50, ""droppedoutprior_2"": false, ""droppedoutposterior_2"": false, ""roundpayoff_2"": 50, ""prior_3"": 50, ""posteriorsuccess_3"": 75, ""posteriorfailure_3"": 100, ""higheffort_3"": false, ""groupinvestsuccess_3"": false, ""payoffinvest_3"": 50, ""payoffbelief_3"": 0, ""droppedouteffort_3"": false, ""leaderdroppedout_3"": false, ""groupreturnsuccess_3"": 250, ""groupreturnfailure_3"": 50, ""droppedoutprior_3"": false, ""droppedoutposterior_3"": false, ""roundpayoff_3"": 0, ""gave"": 100, ""kept"": 200, ""droppedoutDG"": null, ""dictator"": false, ""recipient"": true, ""dictatorendowment"": 300, ""dictator_amt"": 290, ""recipient_amt"": 10, ""task2payoff"": 10, ""comments_general"": ""I think it was rather complex but interesting."", ""comments_unclear"": ""All clear, thank you. I definitely didn't digest the table properly."", ""year_birth"": 1990, ""female"": 1, ""study_field"": ""Science"", ""study_lvl"": ""Graduate student"", ""gpa"": ""Not applicable (first semester at University or not a student)"", ""nationality"": ""British"", ""other_nationality"": null, ""country_born"": ""GB"", ""other_country_born"": null, ""years_lived_australia"": ""2-5 years"", ""past_experiments"": 0, ""reasons_beliefs_general"": ""Initially it was gut feeling, then I re-read the table (incorrectly!!)"", ""belief_fac_leader_payoff"": false, ""belief_fac_strategy"": false, ""belief_fac_member_payoff"": true, ""belief_fac_diff_return"": true, ""belief_fac_zero"": false, ""belief_fac_none"": false, ""belief_dictator_gave"": 3, ""risk_invest"": 25, ""risk_keep"": 25, ""droppedoutRG"": null, ""risk_payoff"": 25, ""risk_success"": false}",NSM,Member,0.00,1,1,9utu797p,201008 Session 1,,,Session 1 NSM,0
13,s7fcp6yi,P11,0,74,74,el_end,B_End,2020-10-07 23:00:06.442882+00:00,1,,,16.25,13,"{""id"": 13, ""treatstrategy"": 0, ""survey_part"": 7, ""expiry_timestamp"": 1602116579.404192, ""consent"": true, ""is_dropout"": false, ""ctrl_errors_count"": 6, ""ctrltaskpaid_errors_count"": 0, ""ctrltask1roundpaid_errors_count"": 1, ""ctrlgroup_errors_count"": 0, ""ctrlfeedback_errors_count"": 0, ""ctrlpayoffmember_errors_count"": 1, ""ctrlpayoffleader_errors_count"": 1, ""ctrlpaymentrole_errors_count"": 0, ""ctrlbeliefpayment_errors_count"": 0, ""ctrltruthtelling_errors_count"": 3, ""higheffort_0"": true, ""prior_0"": 80, ""posteriorsuccess_0"": 50, ""posteriorfailure_0"": 50, ""groupinvestsuccess_0"": true, ""payoffinvest_0"": 250, ""payoffbelief_0"": 0, ""droppedouteffort_0"": false, ""leaderdroppedout_0"": false, ""groupreturnsuccess_0"": 200, ""groupreturnfailure_0"": 0, ""droppedoutprior_0"": false, ""droppedoutposterior_0"": false, ""roundpayoff_0"": 250, ""leader"": true, ""member"": false, ""PR_investendowment"": 300, ""PR_leaderhigheffort"": false, ""PR_costefforthigh"": 250, ""PR_costeffortlow"": 50, ""PR_prior"": null, ""PR_posteriorsuccess"": null, ""PR_posteriorfailure"": null, ""PR_groupreturnsuccess"": 300, ""PR_groupreturnfailure"": 50, ""PR_groupinvestsuccess"": false, ""PR_bsrsuccessprior"": null, ""PR_bsrsuccessposterior"": null, ""PR_payoffinvest"": 300, ""PR_payoffbelief"": 0, ""PR_beliefquestion"": 1, ""PR_paidinvest"": true, ""task1payoff"": 300, ""higheffort_1"": false, ""groupinvestsuccess_1"": false, ""payoffinvest_1"": 300, ""payoffbelief_1"": 0, ""droppedouteffort_1"": false, ""leaderdroppedout_1"": false, ""groupreturnsuccess_1"": 300, ""groupreturnfailure_1"": 50, ""droppedoutprior_1"": false, ""droppedoutposterior_1"": false, ""roundpayoff_1"": 300, ""higheffort_2"": false, ""groupinvestsuccess_2"": false, ""payoffinvest_2"": 300, ""payoffbelief_2"": 0, ""droppedouteffort_2"": false, ""leaderdroppedout_2"": false, ""groupreturnsuccess_2"": 250, ""groupreturnfailure_2"": 50, ""droppedoutprior_2"": false, ""droppedoutposterior_2"": false, ""roundpayoff_2"": 300, ""higheffort_3"": true, ""groupinvestsuccess_3"": false, ""payoffinvest_3"": 50, ""payoffbelief_3"": 0, ""droppedouteffort_3"": false, ""leaderdroppedout_3"": false, ""groupreturnsuccess_3"": 200, ""groupreturnfailure_3"": 0, ""droppedoutprior_3"": false, ""droppedoutposterior_3"": false, ""roundpayoff_3"": 50, ""gave"": 150, ""kept"": 150, ""droppedoutDG"": null, ""dictator"": true, ""recipient"": false, ""dictatorendowment"": 300, ""dictator_amt"": 150, ""recipient_amt"": 150, ""task2payoff"": 150, ""comments_general"": ""The experiment needs clearer instruction. some parts of the instruction were ambiguous."", ""comments_unclear"": ""the part that non-leader participants should have estimated the leader's decision."", ""year_birth"": 1988, ""female"": 1, ""study_field"": ""Science"", ""study_lvl"": ""Graduate student"", ""gpa"": ""H1 (80%-100%)"", ""nationality"": ""Iranian"", ""other_nationality"": null, ""country_born"": ""IR"", ""other_country_born"": null, ""years_lived_australia"": ""2-5 years"", ""past_experiments"": 2, ""reasons_effort_general"": ""My payoff and my group members payoff"", ""effort_fac_leader_payoff"": false, ""effort_fac_member_payoff"": false, ""effort_fac_diff_return"": true, ""effort_fac_zero"": false, ""effort_fac_none"": false, ""belief_dictator_gave"": 3, ""risk_invest"": 25, ""risk_keep"": 25, ""droppedoutRG"": null, ""risk_payoff"": 25, ""risk_success"": false}",NSM,Leader,0.00,1,1,9utu797p,201008 Session 1,,,Session 1 NSM,0
14,lcqfjnek,P14,0,74,74,el_end,B_End,2020-10-07 23:00:11.536315+00:00,1,,,4.00,14,"{""id"": 14, ""treatstrategy"": 0, ""survey_part"": 7, ""expiry_timestamp"": 1602116315.1191084, ""consent"": true, ""is_dropout"": false, ""ctrl_errors_count"": 2, ""ctrltaskpaid_errors_count"": 0, ""ctrltask1roundpaid_errors_count"": 0, ""ctrlgroup_errors_count"": 0, ""ctrlfeedback_errors_count"": 0, ""ctrlpayoffmember_errors_count"": 0, ""ctrlpayoffleader_errors_count"": 1, ""ctrlpaymentrole_errors_count"": 0, ""ctrlbeliefpayment_errors_count"": 0, ""ctrltruthtelling_errors_count"": 1, ""higheffort_0"": false, ""prior_0"": 100, ""posteriorsuccess_0"": 45, ""posteriorfailure_0"": 45, ""groupinvestsuccess_0"": true, ""payoffinvest_0"": 200, ""payoffbelief_0"": 200, ""droppedouteffort_0"": false, ""leaderdroppedout_0"": false, ""groupreturnsuccess_0"": 200, ""groupreturnfailure_0"": 0, ""droppedoutprior_0"": false, ""droppedoutposterior_0"": false, ""roundpayoff_0"": 200, ""leader"": false, ""member"": true, ""PR_investendowment"": 300, ""PR_leaderhigheffort"": false, ""PR_costefforthigh"": 250, ""PR_costeffortlow"": 50, ""PR_prior"": 51, ""PR_posteriorsuccess"": 30, ""PR_posteriorfailure"": 25, ""PR_groupreturnsuccess"": 300, ""PR_groupreturnfailure"": 50, ""PR_groupinvestsuccess"": false, ""PR_bsrsuccessprior"": true, ""PR_bsrsuccessposterior"": true, ""PR_payoffinvest"": 50, ""PR_payoffbelief"": 200, ""PR_beliefquestion"": 2, ""PR_paidinvest"": true, ""task1payoff"": 50, ""prior_1"": 51, ""posteriorsuccess_1"": 30, ""posteriorfailure_1"": 25, ""higheffort_1"": false, ""groupinvestsuccess_1"": false, ""payoffinvest_1"": 50, ""payoffbelief_1"": 200, ""droppedouteffort_1"": false, ""leaderdroppedout_1"": false, ""groupreturnsuccess_1"": 300, ""groupreturnfailure_1"": 50, ""droppedoutprior_1"": false, ""droppedoutposterior_1"": false, ""roundpayoff_1"": 50, ""prior_2"": 20, ""posteriorsuccess_2"": 45, ""posteriorfailure_2"": 20, ""higheffort_2"": false, ""groupinvestsuccess_2"": false, ""payoffinvest_2"": 50, ""payoffbelief_2"": 200, ""droppedouteffort_2"": false, ""leaderdroppedout_2"": false, ""groupreturnsuccess_2"": 250, ""groupreturnfailure_2"": 50, ""droppedoutprior_2"": false, ""droppedoutposterior_2"": false, ""roundpayoff_2"": 50, ""prior_3"": 51, ""posteriorsuccess_3"": 20, ""posteriorfailure_3"": 0, ""higheffort_3"": true, ""groupinvestsuccess_3"": false, ""payoffinvest_3"": 0, ""payoffbelief_3"": 0, ""droppedouteffort_3"": false, ""leaderdroppedout_3"": false, ""groupreturnsuccess_3"": 200, ""groupreturnfailure_3"": 0, ""droppedoutprior_3"": false, ""droppedoutposterior_3"": false, ""roundpayoff_3"": 0, ""gave"": 150, ""kept"": 150, ""droppedoutDG"": null, ""dictator"": true, ""recipient"": false, ""dictatorendowment"": 300, ""dictator_amt"": 150, ""recipient_amt"": 150, ""task2payoff"": 150, ""comments_general"": ""Fun and interesting"", ""comments_unclear"": ""All clear"", ""year_birth"": 2000, ""female"": 1, ""study_field"": ""Commerce (Economics)"", ""study_lvl"": ""2nd-year undergraduate"", ""gpa"": ""H2B (70%-74%)"", ""nationality"": ""Indonesian"", ""other_nationality"": null, ""country_born"": ""ID"", ""other_country_born"": null, ""years_lived_australia"": ""2-5 years"", ""past_experiments"": 5, ""reasons_beliefs_general"": ""Self-economic interest as a rational decision-maker, (highest payoff he could get)"", ""belief_fac_leader_payoff"": true, ""belief_fac_strategy"": true, ""belief_fac_member_payoff"": false, ""belief_fac_diff_return"": true, ""belief_fac_zero"": false, ""belief_fac_none"": false, ""belief_dictator_gave"": 4, ""risk_invest"": 20, ""risk_keep"": 30, ""droppedoutRG"": null, ""risk_payoff"": 30, ""risk_success"": false}",NSM,Member,0.00,1,1,9utu797p,201008 Session 1,,,Session 1 NSM,0
15,qhc0ccp1,P15,0,74,74,el_end,B_End,2020-10-07 23:00:37.496606+00:00,1,,,10.00,15,"{""id"": 15, ""treatstrategy"": 0, ""survey_part"": 7, ""expiry_timestamp"": 1602116553.8557765, ""consent"": true, ""is_dropout"": false, ""ctrl_errors_count"": 0, ""ctrltaskpaid_errors_count"": 0, ""ctrltask1roundpaid_errors_count"": 0, ""ctrlgroup_errors_count"": 0, ""ctrlfeedback_errors_count"": 0, ""ctrlpayoffmember_errors_count"": 0, ""ctrlpayoffleader_errors_count"": 0, ""ctrlpaymentrole_errors_count"": 0, ""ctrlbeliefpayment_errors_count"": 0, ""ctrltruthtelling_errors_count"": 0, ""higheffort_0"": false, ""prior_0"": 20, ""posteriorsuccess_0"": 50, ""posteriorfailure_0"": 20, ""groupinvestsuccess_0"": true, ""payoffinvest_0"": 200, ""payoffbelief_0"": 200, ""droppedouteffort_0"": false, ""leaderdroppedout_0"": false, ""groupreturnsuccess_0"": 200, ""groupreturnfailure_0"": 0, ""droppedoutprior_0"": false, ""droppedoutposterior_0"": false, ""roundpayoff_0"": 200, ""leader"": false, ""member"": true, ""PR_investendowment"": 300, ""PR_leaderhigheffort"": false, ""PR_costefforthigh"": 250, ""PR_costeffortlow"": 50, ""PR_prior"": 10, ""PR_posteriorsuccess"": 40, ""PR_posteriorfailure"": 10, ""PR_groupreturnsuccess"": 300, ""PR_groupreturnfailure"": 50, ""PR_groupinvestsuccess"": false, ""PR_bsrsuccessprior"": true, ""PR_bsrsuccessposterior"": true, ""PR_payoffinvest"": 50, ""PR_payoffbelief"": 200, ""PR_beliefquestion"": 1, ""PR_paidinvest"": false, ""task1payoff"": 200, ""prior_1"": 10, ""posteriorsuccess_1"": 40, ""posteriorfailure_1"": 10, ""higheffort_1"": false, ""groupinvestsuccess_1"": false, ""payoffinvest_1"": 50, ""payoffbelief_1"": 200, ""droppedouteffort_1"": false, ""leaderdroppedout_1"": false, ""groupreturnsuccess_1"": 300, ""groupreturnfailure_1"": 50, ""droppedoutprior_1"": false, ""droppedoutposterior_1"": false, ""roundpayoff_1"": 200, ""prior_2"": 10, ""posteriorsuccess_2"": 40, ""posteriorfailure_2"": 10, ""higheffort_2"": false, ""groupinvestsuccess_2"": false, ""payoffinvest_2"": 50, ""payoffbelief_2"": 200, ""droppedouteffort_2"": false, ""leaderdroppedout_2"": false, ""groupreturnsuccess_2"": 250, ""groupreturnfailure_2"": 50, ""droppedoutprior_2"": false, ""droppedoutposterior_2"": false, ""roundpayoff_2"": 200, ""prior_3"": 10, ""posteriorsuccess_3"": 40, ""posteriorfailure_3"": 10, ""higheffort_3"": false, ""groupinvestsuccess_3"": false, ""payoffinvest_3"": 0, ""payoffbelief_3"": 0, ""droppedouteffort_3"": false, ""leaderdroppedout_3"": false, ""groupreturnsuccess_3"": 200, ""groupreturnfailure_3"": 0, ""droppedoutprior_3"": false, ""droppedoutposterior_3"": false, ""roundpayoff_3"": 0, ""gave"": 100, ""kept"": 200, ""droppedoutDG"": null, ""dictator"": true, ""recipient"": false, ""dictatorendowment"": 300, ""dictator_amt"": 200, ""recipient_amt"": 100, ""task2payoff"": 200, ""comments_general"": ""This was run well. No issues with running over Zoom."", ""comments_unclear"": ""No."", ""year_birth"": 1997, ""female"": 1, ""study_field"": ""Other"", ""study_lvl"": ""Graduate student"", ""gpa"": ""H1 (80%-100%)"", ""nationality"": ""Australian"", ""other_nationality"": null, ""country_born"": ""AU"", ""other_country_born"": null, ""years_lived_australia"": ""Born in Australia"", ""past_experiments"": 4, ""reasons_beliefs_general"": ""The leader was guaranteed the payoff of the success of investment X by choosing investment Y. So it was in their best interests. The group members' payoffs were the same in each investment, so this may also have caused the leader to choose what was in their best interests, even accounting for the % success chance."", ""belief_fac_leader_payoff"": true, ""belief_fac_strategy"": false, ""belief_fac_member_payoff"": false, ""belief_fac_diff_return"": true, ""belief_fac_zero"": false, ""belief_fac_none"": false, ""belief_dictator_gave"": 3, ""risk_invest"": 50, ""risk_keep"": 0, ""droppedoutRG"": null, ""risk_payoff"": 0, ""risk_success"": false}",NSM,Member,0.00,1,1,9utu797p,201008 Session 1,,,Session 1 NSM,0
16,k9rf73ds,P16,0,74,74,el_end,B_End,2020-10-07 23:00:51.841307+00:00,1,,,29.00,16,"{""id"": 16, ""treatstrategy"": 0, ""survey_part"": 7, ""expiry_timestamp"": 1602116365.5091498, ""consent"": true, ""is_dropout"": false, ""ctrl_errors_count"": 3, ""ctrltaskpaid_errors_count"": 0, ""ctrltask1roundpaid_errors_count"": 0, ""ctrlgroup_errors_count"": 0, ""ctrlfeedback_errors_count"": 1, ""ctrlpayoffmember_errors_count"": 0, ""ctrlpayoffleader_errors_count"": 0, ""ctrlpaymentrole_errors_count"": 0, ""ctrlbeliefpayment_errors_count"": 1, ""ctrltruthtelling_errors_count"": 1, ""higheffort_0"": false, ""prior_0"": 100, ""posteriorsuccess_0"": 100, ""posteriorfailure_0"": 100, ""groupinvestsuccess_0"": true, ""payoffinvest_0"": 450, ""payoffbelief_0"": 0, ""droppedouteffort_0"": false, ""leaderdroppedout_0"": false, ""groupreturnsuccess_0"": 200, ""groupreturnfailure_0"": 0, ""droppedoutprior_0"": false, ""droppedoutposterior_0"": false, ""roundpayoff_0"": 450, ""leader"": true, ""member"": false, ""PR_investendowment"": 300, ""PR_leaderhigheffort"": false, ""PR_costefforthigh"": 250, ""PR_costeffortlow"": 50, ""PR_prior"": null, ""PR_posteriorsuccess"": null, ""PR_posteriorfailure"": null, ""PR_groupreturnsuccess"": 300, ""PR_groupreturnfailure"": 50, ""PR_groupinvestsuccess"": true, ""PR_bsrsuccessprior"": null, ""PR_bsrsuccessposterior"": null, ""PR_payoffinvest"": 550, ""PR_payoffbelief"": 0, ""PR_beliefquestion"": 1, ""PR_paidinvest"": true, ""task1payoff"": 550, ""higheffort_1"": false, ""groupinvestsuccess_1"": true, ""payoffinvest_1"": 550, ""payoffbelief_1"": 0, ""droppedouteffort_1"": false, ""leaderdroppedout_1"": false, ""groupreturnsuccess_1"": 300, ""groupreturnfailure_1"": 50, ""droppedoutprior_1"": false, ""droppedoutposterior_1"": false, ""roundpayoff_1"": 550, ""higheffort_2"": false, ""groupinvestsuccess_2"": true, ""payoffinvest_2"": 450, ""payoffbelief_2"": 0, ""droppedouteffort_2"": false, ""leaderdroppedout_2"": false, ""groupreturnsuccess_2"": 200, ""groupreturnfailure_2"": 0, ""droppedoutprior_2"": false, ""droppedoutposterior_2"": false, ""roundpayoff_2"": 450, ""higheffort_3"": false, ""groupinvestsuccess_3"": false, ""payoffinvest_3"": 300, ""payoffbelief_3"": 0, ""droppedouteffort_3"": false, ""leaderdroppedout_3"": false, ""groupreturnsuccess_3"": 250, ""groupreturnfailure_3"": 50, ""droppedoutprior_3"": false, ""droppedoutposterior_3"": false, ""roundpayoff_3"": 300, ""gave"": 0, ""kept"": 300, ""droppedoutDG"": null, ""dictator"": false, ""recipient"": true, ""dictatorendowment"": 300, ""dictator_amt"": 150, ""recipient_amt"": 150, ""task2payoff"": 150, ""comments_general"": ""other participant are taking too long reading the instruction. process is a bit tiresome and length. the task themselves are really interesting"", ""comments_unclear"": ""no"", ""year_birth"": 1999, ""female"": 1, ""study_field"": ""Law"", ""study_lvl"": ""Graduate student"", ""gpa"": ""H2A (75%-79%)"", ""nationality"": ""Australian"", ""other_nationality"": null, ""country_born"": ""CN"", ""other_country_born"": null, ""years_lived_australia"": ""More than 5 years"", ""past_experiments"": 5, ""reasons_effort_general"": ""I places my own gain as the priority given that I am not related to my group members hence my personal interest outweighs the group interest"", ""effort_fac_leader_payoff"": true, ""effort_fac_member_payoff"": false, ""effort_fac_diff_return"": false, ""effort_fac_zero"": false, ""effort_fac_none"": false, ""belief_dictator_gave"": 1, ""risk_invest"": 20, ""risk_keep"": 30, ""droppedoutRG"": null, ""risk_payoff"": 30, ""risk_success"": false}",NSM,Leader,0.00,1,1,9utu797p,201008 Session 1,,,Session 1 NSM,0
17,eecsmep8,P17,0,74,74,el_end,B_End,2020-10-07 23:01:05.748005+00:00,1,,,0.00,17,"{""id"": 17, ""treatstrategy"": 0, ""survey_part"": 7, ""expiry_timestamp"": 1602116232.5955791, ""consent"": true, ""is_dropout"": false, ""ctrl_errors_count"": 0, ""ctrltaskpaid_errors_count"": 0, ""ctrltask1roundpaid_errors_count"": 0, ""ctrlgroup_errors_count"": 0, ""ctrlfeedback_errors_count"": 0, ""ctrlpayoffmember_errors_count"": 0, ""ctrlpayoffleader_errors_count"": 0, ""ctrlpaymentrole_errors_count"": 0, ""ctrlbeliefpayment_errors_count"": 0, ""ctrltruthtelling_errors_count"": 0, ""higheffort_0"": true, ""prior_0"": 75, ""posteriorsuccess_0"": 75, ""posteriorfailure_0"": 50, ""groupinvestsuccess_0"": true, ""payoffinvest_0"": 200, ""payoffbelief_0"": 200, ""droppedouteffort_0"": false, ""leaderdroppedout_0"": false, ""groupreturnsuccess_0"": 200, ""groupreturnfailure_0"": 0, ""droppedoutprior_0"": false, ""droppedoutposterior_0"": false, ""roundpayoff_0"": 200, ""leader"": false, ""member"": true, ""PR_investendowment"": 300, ""PR_leaderhigheffort"": false, ""PR_costefforthigh"": 250, ""PR_costeffortlow"": 50, ""PR_prior"": 85, ""PR_posteriorsuccess"": 70, ""PR_posteriorfailure"": 85, ""PR_groupreturnsuccess"": 300, ""PR_groupreturnfailure"": 50, ""PR_groupinvestsuccess"": true, ""PR_bsrsuccessprior"": false, ""PR_bsrsuccessposterior"": false, ""PR_payoffinvest"": 300, ""PR_payoffbelief"": 0, ""PR_beliefquestion"": 2, ""PR_paidinvest"": false, ""task1payoff"": 0, ""prior_1"": 85, ""posteriorsuccess_1"": 70, ""posteriorfailure_1"": 85, ""higheffort_1"": true, ""groupinvestsuccess_1"": true, ""payoffinvest_1"": 300, ""payoffbelief_1"": 0, ""droppedouteffort_1"": false, ""leaderdroppedout_1"": false, ""groupreturnsuccess_1"": 300, ""groupreturnfailure_1"": 50, ""droppedoutprior_1"": false, ""droppedoutposterior_1"": false, ""roundpayoff_1"": 0, ""prior_2"": 30, ""posteriorsuccess_2"": 60, ""posteriorfailure_2"": 40, ""higheffort_2"": false, ""groupinvestsuccess_2"": true, ""payoffinvest_2"": 200, ""payoffbelief_2"": 200, ""droppedouteffort_2"": false, ""leaderdroppedout_2"": false, ""groupreturnsuccess_2"": 200, ""groupreturnfailure_2"": 0, ""droppedoutprior_2"": false, ""droppedoutposterior_2"": false, ""roundpayoff_2"": 200, ""prior_3"": 30, ""posteriorsuccess_3"": 40, ""posteriorfailure_3"": 30, ""higheffort_3"": false, ""groupinvestsuccess_3"": false, ""payoffinvest_3"": 50, ""payoffbelief_3"": 200, ""droppedouteffort_3"": false, ""leaderdroppedout_3"": false, ""groupreturnsuccess_3"": 250, ""groupreturnfailure_3"": 50, ""droppedoutprior_3"": false, ""droppedoutposterior_3"": false, ""roundpayoff_3"": 200, ""gave"": 0, ""kept"": 300, ""droppedoutDG"": null, ""dictator"": false, ""recipient"": true, ""dictatorendowment"": 300, ""dictator_amt"": 150, ""recipient_amt"": 150, ""task2payoff"": 150, ""comments_general"": ""Good,"", ""comments_unclear"": ""No"", ""year_birth"": 1989, ""female"": 1, ""study_field"": ""Commerce (Economics)"", ""study_lvl"": ""Graduate student"", ""gpa"": ""H2A (75%-79%)"", ""nationality"": ""Vietnamese"", ""other_nationality"": null, ""country_born"": ""VN"", ""other_country_born"": null, ""years_lived_australia"": ""1-2 years"", ""past_experiments"": 4, ""reasons_beliefs_general"": ""The leader's payoff and a chance for success"", ""belief_fac_leader_payoff"": true, ""belief_fac_strategy"": true, ""belief_fac_member_payoff"": false, ""belief_fac_diff_return"": false, ""belief_fac_zero"": false, ""belief_fac_none"": false, ""belief_dictator_gave"": 0, ""risk_invest"": 50, ""risk_keep"": 0, ""droppedoutRG"": null, ""risk_payoff"": 0, ""risk_success"": false}",NSM,Member,0.00,1,1,9utu797p,201008 Session 1,,,Session 1 NSM,0
18,rqawlhul,P18,0,74,74,el_end,B_End,2020-10-07 23:01:13.630418+00:00,1,,,15.00,18,"{""id"": 18, ""treatstrategy"": 0, ""survey_part"": 7, ""expiry_timestamp"": 1602116374.0109122, ""consent"": true, ""is_dropout"": false, ""ctrl_errors_count"": 0, ""ctrltaskpaid_errors_count"": 0, ""ctrltask1roundpaid_errors_count"": 0, ""ctrlgroup_errors_count"": 0, ""ctrlfeedback_errors_count"": 0, ""ctrlpayoffmember_errors_count"": 0, ""ctrlpayoffleader_errors_count"": 0, ""ctrlpaymentrole_errors_count"": 0, ""ctrlbeliefpayment_errors_count"": 0, ""ctrltruthtelling_errors_count"": 0, ""higheffort_0"": true, ""prior_0"": 40, ""posteriorsuccess_0"": 75, ""posteriorfailure_0"": 25, ""groupinvestsuccess_0"": true, ""payoffinvest_0"": 200, ""payoffbelief_0"": 200, ""droppedouteffort_0"": false, ""leaderdroppedout_0"": false, ""groupreturnsuccess_0"": 200, ""groupreturnfailure_0"": 0, ""droppedoutprior_0"": false, ""droppedoutposterior_0"": false, ""roundpayoff_0"": 200, ""leader"": false, ""member"": true, ""PR_investendowment"": 300, ""PR_leaderhigheffort"": false, ""PR_costefforthigh"": 250, ""PR_costeffortlow"": 50, ""PR_prior"": 40, ""PR_posteriorsuccess"": 75, ""PR_posteriorfailure"": 25, ""PR_groupreturnsuccess"": 300, ""PR_groupreturnfailure"": 50, ""PR_groupinvestsuccess"": true, ""PR_bsrsuccessprior"": true, ""PR_bsrsuccessposterior"": false, ""PR_payoffinvest"": 300, ""PR_payoffbelief"": 0, ""PR_beliefquestion"": 2, ""PR_paidinvest"": true, ""task1payoff"": 300, ""prior_1"": 40, ""posteriorsuccess_1"": 75, ""posteriorfailure_1"": 25, ""higheffort_1"": true, ""groupinvestsuccess_1"": true, ""payoffinvest_1"": 300, ""payoffbelief_1"": 0, ""droppedouteffort_1"": false, ""leaderdroppedout_1"": false, ""groupreturnsuccess_1"": 300, ""groupreturnfailure_1"": 50, ""droppedoutprior_1"": false, ""droppedoutposterior_1"": false, ""roundpayoff_1"": 300, ""prior_2"": 30, ""posteriorsuccess_2"": 75, ""posteriorfailure_2"": 25, ""higheffort_2"": true, ""groupinvestsuccess_2"": true, ""payoffinvest_2"": 200, ""payoffbelief_2"": 200, ""droppedouteffort_2"": false, ""leaderdroppedout_2"": false, ""groupreturnsuccess_2"": 200, ""groupreturnfailure_2"": 0, ""droppedoutprior_2"": false, ""droppedoutposterior_2"": false, ""roundpayoff_2"": 200, ""prior_3"": 30, ""posteriorsuccess_3"": 75, ""posteriorfailure_3"": 25, ""higheffort_3"": true, ""groupinvestsuccess_3"": false, ""payoffinvest_3"": 50, ""payoffbelief_3"": 200, ""droppedouteffort_3"": false, ""leaderdroppedout_3"": false, ""groupreturnsuccess_3"": 250, ""groupreturnfailure_3"": 50, ""droppedoutprior_3"": false, ""droppedoutposterior_3"": false, ""roundpayoff_3"": 200, ""gave"": 150, ""kept"": 150, ""droppedoutDG"": null, ""dictator"": false, ""recipient"": true, ""dictatorendowment"": 300, ""dictator_amt"": 200, ""recipient_amt"": 100, ""task2payoff"": 100, ""comments_general"": ""The experiment was fine, no particular comments."", ""comments_unclear"": ""No."", ""year_birth"": 1999, ""female"": 0, ""study_field"": ""Science"", ""study_lvl"": ""3rd-year undergraduate"", ""gpa"": ""H2A (75%-79%)"", ""nationality"": ""Australian"", ""other_nationality"": null, ""country_born"": ""AU"", ""other_country_born"": null, ""years_lived_australia"": ""Born in Australia"", ""past_experiments"": 2, ""reasons_beliefs_general"": ""I mainly considered how much money the leader would stand to gain. It was mostly a balancing act between how strongly I believed the leader would act selfishly and how much I perhaps naively hoped that they would act for the greater good."", ""belief_fac_leader_payoff"": true, ""belief_fac_strategy"": false, ""belief_fac_member_payoff"": true, ""belief_fac_diff_return"": false, ""belief_fac_zero"": false, ""belief_fac_none"": false, ""belief_dictator_gave"": 3, ""risk_invest"": 50, ""risk_keep"": 0, ""droppedoutRG"": null, ""risk_payoff"": 0, ""risk_success"": false}",NSM,Member,0.00,1,1,9utu797p,201008 Session 1,,,Session 1 NSM,0
19,crvel23d,P19,0,74,74,el_end,B_End,2020-10-07 23:06:34.658962+00:00,1,,,20.50,19,"{""id"": 19, ""treatstrategy"": 0, ""survey_part"": 7, ""expiry_timestamp"": 1602116269.8329911, ""consent"": true, ""is_dropout"": false, ""ctrl_errors_count"": 2, ""ctrltaskpaid_errors_count"": 1, ""ctrltask1roundpaid_errors_count"": 0, ""ctrlgroup_errors_count"": 0, ""ctrlfeedback_errors_count"": 1, ""ctrlpayoffmember_errors_count"": 0, ""ctrlpayoffleader_errors_count"": 0, ""ctrlpaymentrole_errors_count"": 0, ""ctrlbeliefpayment_errors_count"": 0, ""ctrltruthtelling_errors_count"": 0, ""higheffort_0"": false, ""prior_0"": 12, ""posteriorsuccess_0"": 19, ""posteriorfailure_0"": 9, ""groupinvestsuccess_0"": false, ""payoffinvest_0"": 250, ""payoffbelief_0"": 0, ""droppedouteffort_0"": false, ""leaderdroppedout_0"": false, ""groupreturnsuccess_0"": 200, ""groupreturnfailure_0"": 0, ""droppedoutprior_0"": false, ""droppedoutposterior_0"": false, ""roundpayoff_0"": 250, ""leader"": true, ""member"": false, ""PR_investendowment"": 300, ""PR_leaderhigheffort"": false, ""PR_costefforthigh"": 250, ""PR_costeffortlow"": 50, ""PR_prior"": null, ""PR_posteriorsuccess"": null, ""PR_posteriorfailure"": null, ""PR_groupreturnsuccess"": 250, ""PR_groupreturnfailure"": 50, ""PR_groupinvestsuccess"": false, ""PR_bsrsuccessprior"": null, ""PR_bsrsuccessposterior"": null, ""PR_payoffinvest"": 300, ""PR_payoffbelief"": 0, ""PR_beliefquestion"": 2, ""PR_paidinvest"": true, ""task1payoff"": 300, ""higheffort_1"": false, ""groupinvestsuccess_1"": false, ""payoffinvest_1"": 300, ""payoffbelief_1"": 0, ""droppedouteffort_1"": false, ""leaderdroppedout_1"": false, ""groupreturnsuccess_1"": 250, ""groupreturnfailure_1"": 50, ""droppedoutprior_1"": false, ""droppedoutposterior_1"": false, ""roundpayoff_1"": 300, ""higheffort_2"": false, ""groupinvestsuccess_2"": false, ""payoffinvest_2"": 250, ""payoffbelief_2"": 0, ""droppedouteffort_2"": false, ""leaderdroppedout_2"": false, ""groupreturnsuccess_2"": 200, ""groupreturnfailure_2"": 0, ""droppedoutprior_2"": false, ""droppedoutposterior_2"": false, ""roundpayoff_2"": 250, ""higheffort_3"": false, ""groupinvestsuccess_3"": false, ""payoffinvest_3"": 300, ""payoffbelief_3"": 0, ""droppedouteffort_3"": false, ""leaderdroppedout_3"": false, ""groupreturnsuccess_3"": 300, ""groupreturnfailure_3"": 50, ""droppedoutprior_3"": false, ""droppedoutposterior_3"": false, ""roundpayoff_3"": 300, ""gave"": 5, ""kept"": 295, ""droppedoutDG"": null, ""dictator"": true, ""recipient"": false, ""dictatorendowment"": 300, ""dictator_amt"": 295, ""recipient_amt"": 5, ""task2payoff"": 295, ""comments_general"": ""Fine"", ""comments_unclear"": ""LEss waiting time"", ""year_birth"": 2000, ""female"": 0, ""study_field"": ""Commerce (Economics)"", ""study_lvl"": ""2nd-year undergraduate"", ""gpa"": ""H2B (70%-74%)"", ""nationality"": ""Ukrainian"", ""other_nationality"": null, ""country_born"": ""UA"", ""other_country_born"": null, ""years_lived_australia"": ""More than 5 years"", ""past_experiments"": 2, ""reasons_effort_general"": ""Payoff"", ""effort_fac_leader_payoff"": true, ""effort_fac_member_payoff"": false, ""effort_fac_diff_return"": false, ""effort_fac_zero"": false, ""effort_fac_none"": false, ""belief_dictator_gave"": 1, ""risk_invest"": 30, ""risk_keep"": 20, ""droppedoutRG"": null, ""risk_payoff"": 110, ""risk_success"": true}",NSM,Leader,0.00,1,1,9utu797p,201008 Session 1,,,Session 1 NSM,0
20,j6vzkpq9,P20,0,74,74,el_end,B_End,2020-10-07 23:08:31.298541+00:00,1,,,2.50,20,"{""id"": 20, ""treatstrategy"": 0, ""survey_part"": 7, ""expiry_timestamp"": 1602116332.665257, ""consent"": true, ""is_dropout"": false, ""ctrl_errors_count"": 1, ""ctrltaskpaid_errors_count"": 0, ""ctrltask1roundpaid_errors_count"": 0, ""ctrlgroup_errors_count"": 0, ""ctrlfeedback_errors_count"": 0, ""ctrlpayoffmember_errors_count"": 0, ""ctrlpayoffleader_errors_count"": 0, ""ctrlpaymentrole_errors_count"": 1, ""ctrlbeliefpayment_errors_count"": 0, ""ctrltruthtelling_errors_count"": 0, ""higheffort_0"": true, ""prior_0"": 50, ""posteriorsuccess_0"": 60, ""posteriorfailure_0"": 40, ""groupinvestsuccess_0"": false, ""payoffinvest_0"": 0, ""payoffbelief_0"": 200, ""droppedouteffort_0"": false, ""leaderdroppedout_0"": false, ""groupreturnsuccess_0"": 200, ""groupreturnfailure_0"": 0, ""droppedoutprior_0"": false, ""droppedoutposterior_0"": false, ""roundpayoff_0"": 200, ""leader"": false, ""member"": true, ""PR_investendowment"": 300, ""PR_leaderhigheffort"": false, ""PR_costefforthigh"": 250, ""PR_costeffortlow"": 50, ""PR_prior"": 60, ""PR_posteriorsuccess"": 70, ""PR_posteriorfailure"": 40, ""PR_groupreturnsuccess"": 250, ""PR_groupreturnfailure"": 50, ""PR_groupinvestsuccess"": false, ""PR_bsrsuccessprior"": true, ""PR_bsrsuccessposterior"": true, ""PR_payoffinvest"": 50, ""PR_payoffbelief"": 200, ""PR_beliefquestion"": 2, ""PR_paidinvest"": true, ""task1payoff"": 50, ""prior_1"": 60, ""posteriorsuccess_1"": 70, ""posteriorfailure_1"": 40, ""higheffort_1"": true, ""groupinvestsuccess_1"": false, ""payoffinvest_1"": 50, ""payoffbelief_1"": 200, ""droppedouteffort_1"": false, ""leaderdroppedout_1"": false, ""groupreturnsuccess_1"": 250, ""groupreturnfailure_1"": 50, ""droppedoutprior_1"": false, ""droppedoutposterior_1"": false, ""roundpayoff_1"": 50, ""prior_2"": 60, ""posteriorsuccess_2"": 70, ""posteriorfailure_2"": 40, ""higheffort_2"": true, ""groupinvestsuccess_2"": false, ""payoffinvest_2"": 0, ""payoffbelief_2"": 200, ""droppedouteffort_2"": false, ""leaderdroppedout_2"": false, ""groupreturnsuccess_2"": 200, ""groupreturnfailure_2"": 0, ""droppedoutprior_2"": false, ""droppedoutposterior_2"": false, ""roundpayoff_2"": 200, ""prior_3"": 60, ""posteriorsuccess_3"": 70, ""posteriorfailure_3"": 40, ""higheffort_3"": true, ""groupinvestsuccess_3"": false, ""payoffinvest_3"": 50, ""payoffbelief_3"": 200, ""droppedouteffort_3"": false, ""leaderdroppedout_3"": false, ""groupreturnsuccess_3"": 300, ""groupreturnfailure_3"": 50, ""droppedoutprior_3"": false, ""droppedoutposterior_3"": false, ""roundpayoff_3"": 200, ""gave"": 150, ""kept"": 150, ""droppedoutDG"": null, ""dictator"": true, ""recipient"": false, ""dictatorendowment"": 300, ""dictator_amt"": 150, ""recipient_amt"": 150, ""task2payoff"": 150, ""comments_general"": ""Well done."", ""comments_unclear"": ""No."", ""year_birth"": 1994, ""female"": 0, ""study_field"": ""Education"", ""study_lvl"": ""Graduate student"", ""gpa"": ""H1 (80%-100%)"", ""nationality"": ""Australian"", ""other_nationality"": null, ""country_born"": ""CN"", ""other_country_born"": null, ""years_lived_australia"": ""More than 5 years"", ""past_experiments"": 5, ""reasons_beliefs_general"": ""fairness, what I would choose, why people came to this experiment, a belief in humanity"", ""belief_fac_leader_payoff"": true, ""belief_fac_strategy"": true, ""belief_fac_member_payoff"": false, ""belief_fac_diff_return"": false, ""belief_fac_zero"": false, ""belief_fac_none"": false, ""belief_dictator_gave"": 3, ""risk_invest"": 50, ""risk_keep"": 0, ""droppedoutRG"": null, ""risk_payoff"": 0, ""risk_success"": false}",NSM,Member,0.00,1,1,9utu797p,201008 Session 1,,,Session 1 NSM,0
21,be69exmr,P22,0,74,74,el_end,B_End,2020-10-07 23:08:41.210606+00:00,1,,,8.00,21,"{""id"": 21, ""treatstrategy"": 0, ""survey_part"": 7, ""expiry_timestamp"": 1602116273.4323666, ""consent"": true, ""is_dropout"": false, ""ctrl_errors_count"": 3, ""ctrltaskpaid_errors_count"": 0, ""ctrltask1roundpaid_errors_count"": 0, ""ctrlgroup_errors_count"": 0, ""ctrlfeedback_errors_count"": 0, ""ctrlpayoffmember_errors_count"": 0, ""ctrlpayoffleader_errors_count"": 0, ""ctrlpaymentrole_errors_count"": 2, ""ctrlbeliefpayment_errors_count"": 1, ""ctrltruthtelling_errors_count"": 0, ""higheffort_0"": false, ""prior_0"": 0, ""posteriorsuccess_0"": 10, ""posteriorfailure_0"": 25, ""groupinvestsuccess_0"": false, ""payoffinvest_0"": 0, ""payoffbelief_0"": 200, ""droppedouteffort_0"": false, ""leaderdroppedout_0"": false, ""groupreturnsuccess_0"": 200, ""groupreturnfailure_0"": 0, ""droppedoutprior_0"": false, ""droppedoutposterior_0"": false, ""roundpayoff_0"": 200, ""leader"": false, ""member"": true, ""PR_investendowment"": 300, ""PR_leaderhigheffort"": false, ""PR_costefforthigh"": 250, ""PR_costeffortlow"": 50, ""PR_prior"": 35, ""PR_posteriorsuccess"": 25, ""PR_posteriorfailure"": 33, ""PR_groupreturnsuccess"": 250, ""PR_groupreturnfailure"": 50, ""PR_groupinvestsuccess"": false, ""PR_bsrsuccessprior"": true, ""PR_bsrsuccessposterior"": false, ""PR_payoffinvest"": 50, ""PR_payoffbelief"": 0, ""PR_beliefquestion"": 2, ""PR_paidinvest"": true, ""task1payoff"": 50, ""prior_1"": 35, ""posteriorsuccess_1"": 25, ""posteriorfailure_1"": 33, ""higheffort_1"": false, ""groupinvestsuccess_1"": false, ""payoffinvest_1"": 50, ""payoffbelief_1"": 0, ""droppedouteffort_1"": false, ""leaderdroppedout_1"": false, ""groupreturnsuccess_1"": 250, ""groupreturnfailure_1"": 50, ""droppedoutprior_1"": false, ""droppedoutposterior_1"": false, ""roundpayoff_1"": 50, ""prior_2"": 40, ""posteriorsuccess_2"": 60, ""posteriorfailure_2"": 30, ""higheffort_2"": true, ""groupinvestsuccess_2"": false, ""payoffinvest_2"": 0, ""payoffbelief_2"": 200, ""droppedouteffort_2"": false, ""leaderdroppedout_2"": false, ""groupreturnsuccess_2"": 200, ""groupreturnfailure_2"": 0, ""droppedoutprior_2"": false, ""droppedoutposterior_2"": false, ""roundpayoff_2"": 0, ""prior_3"": 75, ""posteriorsuccess_3"": 80, ""posteriorfailure_3"": 32, ""higheffort_3"": true, ""groupinvestsuccess_3"": false, ""payoffinvest_3"": 50, ""payoffbelief_3"": 200, ""droppedouteffort_3"": false, ""leaderdroppedout_3"": false, ""groupreturnsuccess_3"": 300, ""groupreturnfailure_3"": 50, ""droppedoutprior_3"": false, ""droppedoutposterior_3"": false, ""roundpayoff_3"": 50, ""gave"": 150, ""kept"": 150, ""droppedoutDG"": null, ""dictator"": true, ""recipient"": false, ""dictatorendowment"": 300, ""dictator_amt"": 150, ""recipient_amt"": 150, ""task2payoff"": 150, ""comments_general"": ""Great"", ""comments_unclear"": ""None. Pretty easy to understand, once experiment started in the practice round"", ""year_birth"": 1997, ""female"": 0, ""study_field"": ""Science"", ""study_lvl"": ""2nd-year undergraduate"", ""gpa"": ""P (50%-64%)"", ""nationality"": ""Mauritian"", ""other_nationality"": null, ""country_born"": ""MU"", ""other_country_born"": null, ""years_lived_australia"": ""Born in Australia"", ""past_experiments"": 1, ""reasons_beliefs_general"": ""The percentage of success, how much money is involved"", ""belief_fac_leader_payoff"": true, ""belief_fac_strategy"": false, ""belief_fac_member_payoff"": false, ""belief_fac_diff_return"": false, ""belief_fac_zero"": false, ""belief_fac_none"": false, ""belief_dictator_gave"": 4, ""risk_invest"": 30, ""risk_keep"": 20, ""droppedoutRG"": null, ""risk_payoff"": 110, ""risk_success"": true}",NSM,Member,0.00,1,1,9utu797p,201008 Session 1,,,Session 1 NSM,0
22,ih8lc7o7,P21,0,74,74,el_end,B_End,2020-10-07 23:09:04.492470+00:00,1,,,26.25,22,"{""id"": 22, ""treatstrategy"": 0, ""survey_part"": 7, ""expiry_timestamp"": 1602116379.0960026, ""consent"": true, ""is_dropout"": false, ""ctrl_errors_count"": 1, ""ctrltaskpaid_errors_count"": 0, ""ctrltask1roundpaid_errors_count"": 0, ""ctrlgroup_errors_count"": 0, ""ctrlfeedback_errors_count"": 0, ""ctrlpayoffmember_errors_count"": 0, ""ctrlpayoffleader_errors_count"": 0, ""ctrlpaymentrole_errors_count"": 0, ""ctrlbeliefpayment_errors_count"": 1, ""ctrltruthtelling_errors_count"": 0, ""higheffort_0"": false, ""prior_0"": 0, ""posteriorsuccess_0"": 0, ""posteriorfailure_0"": 100, ""groupinvestsuccess_0"": false, ""payoffinvest_0"": 250, ""payoffbelief_0"": 0, ""droppedouteffort_0"": false, ""leaderdroppedout_0"": false, ""groupreturnsuccess_0"": 200, ""groupreturnfailure_0"": 0, ""droppedoutprior_0"": false, ""droppedoutposterior_0"": false, ""roundpayoff_0"": 250, ""leader"": true, ""member"": false, ""PR_investendowment"": 300, ""PR_leaderhigheffort"": false, ""PR_costefforthigh"": 250, ""PR_costeffortlow"": 50, ""PR_prior"": null, ""PR_posteriorsuccess"": null, ""PR_posteriorfailure"": null, ""PR_groupreturnsuccess"": 250, ""PR_groupreturnfailure"": 50, ""PR_groupinvestsuccess"": true, ""PR_bsrsuccessprior"": null, ""PR_bsrsuccessposterior"": null, ""PR_payoffinvest"": 500, ""PR_payoffbelief"": 0, ""PR_beliefquestion"": 2, ""PR_paidinvest"": true, ""task1payoff"": 500, ""higheffort_1"": false, ""groupinvestsuccess_1"": true, ""payoffinvest_1"": 500, ""payoffbelief_1"": 0, ""droppedouteffort_1"": false, ""leaderdroppedout_1"": false, ""groupreturnsuccess_1"": 250, ""groupreturnfailure_1"": 50, ""droppedoutprior_1"": false, ""droppedoutposterior_1"": false, ""roundpayoff_1"": 500, ""higheffort_2"": false, ""groupinvestsuccess_2"": false, ""payoffinvest_2"": 300, ""payoffbelief_2"": 0, ""droppedouteffort_2"": false, ""leaderdroppedout_2"": false, ""groupreturnsuccess_2"": 300, ""groupreturnfailure_2"": 50, ""droppedoutprior_2"": false, ""droppedoutposterior_2"": false, ""roundpayoff_2"": 300, ""higheffort_3"": false, ""groupinvestsuccess_3"": false, ""payoffinvest_3"": 250, ""payoffbelief_3"": 0, ""droppedouteffort_3"": false, ""leaderdroppedout_3"": false, ""groupreturnsuccess_3"": 200, ""groupreturnfailure_3"": 0, ""droppedoutprior_3"": false, ""droppedoutposterior_3"": false, ""roundpayoff_3"": 250, ""gave"": 149, ""kept"": 151, ""droppedoutDG"": null, ""dictator"": false, ""recipient"": true, ""dictatorendowment"": 300, ""dictator_amt"": 295, ""recipient_amt"": 5, ""task2payoff"": 5, ""comments_general"": ""Task 1 was a bit tricky to get the hang of, but Task 2 was simple. This was fun!"", ""comments_unclear"": ""No, all parts of the experiment were clear"", ""year_birth"": 1983, ""female"": 0, ""study_field"": ""Commerce (non-Economics)"", ""study_lvl"": ""Graduate student"", ""gpa"": ""H1 (80%-100%)"", ""nationality"": ""Indian"", ""other_nationality"": null, ""country_born"": ""IN"", ""other_country_born"": null, ""years_lived_australia"": ""1-2 years"", ""past_experiments"": 4, ""reasons_effort_general"": ""I saw that my decision would not have any effect on the payouts of the other members of the group, so I chose the decision that might yield the max payout to me."", ""effort_fac_leader_payoff"": true, ""effort_fac_member_payoff"": true, ""effort_fac_diff_return"": false, ""effort_fac_zero"": false, ""effort_fac_none"": false, ""belief_dictator_gave"": 4, ""risk_invest"": 25, ""risk_keep"": 25, ""droppedoutRG"": null, ""risk_payoff"": 25, ""risk_success"": false}",NSM,Leader,0.00,1,1,9utu797p,201008 Session 1,,,Session 1 NSM,0
23,apb5htfb,P23,0,74,74,el_end,B_End,2020-10-07 23:10:03.670558+00:00,1,,,11.25,23,"{""id"": 23, ""treatstrategy"": 0, ""survey_part"": 7, ""expiry_timestamp"": 1602116315.0259612, ""consent"": true, ""is_dropout"": false, ""ctrl_errors_count"": 2, ""ctrltaskpaid_errors_count"": 0, ""ctrltask1roundpaid_errors_count"": 0, ""ctrlgroup_errors_count"": 0, ""ctrlfeedback_errors_count"": 0, ""ctrlpayoffmember_errors_count"": 0, ""ctrlpayoffleader_errors_count"": 0, ""ctrlpaymentrole_errors_count"": 0, ""ctrlbeliefpayment_errors_count"": 1, ""ctrltruthtelling_errors_count"": 1, ""higheffort_0"": false, ""prior_0"": 25, ""posteriorsuccess_0"": 25, ""posteriorfailure_0"": 25, ""groupinvestsuccess_0"": false, ""payoffinvest_0"": 0, ""payoffbelief_0"": 200, ""droppedouteffort_0"": false, ""leaderdroppedout_0"": false, ""groupreturnsuccess_0"": 200, ""groupreturnfailure_0"": 0, ""droppedoutprior_0"": false, ""droppedoutposterior_0"": false, ""roundpayoff_0"": 200, ""leader"": false, ""member"": true, ""PR_investendowment"": 300, ""PR_leaderhigheffort"": false, ""PR_costefforthigh"": 250, ""PR_costeffortlow"": 50, ""PR_prior"": 0, ""PR_posteriorsuccess"": 0, ""PR_posteriorfailure"": 0, ""PR_groupreturnsuccess"": 250, ""PR_groupreturnfailure"": 50, ""PR_groupinvestsuccess"": true, ""PR_bsrsuccessprior"": true, ""PR_bsrsuccessposterior"": true, ""PR_payoffinvest"": 250, ""PR_payoffbelief"": 200, ""PR_beliefquestion"": 2, ""PR_paidinvest"": false, ""task1payoff"": 200, ""prior_1"": 0, ""posteriorsuccess_1"": 0, ""posteriorfailure_1"": 0, ""higheffort_1"": false, ""groupinvestsuccess_1"": true, ""payoffinvest_1"": 250, ""payoffbelief_1"": 200, ""droppedouteffort_1"": false, ""leaderdroppedout_1"": false, ""groupreturnsuccess_1"": 250, ""groupreturnfailure_1"": 50, ""droppedoutprior_1"": false, ""droppedoutposterior_1"": false, ""roundpayoff_1"": 200, ""prior_2"": 25, ""posteriorsuccess_2"": 25, ""posteriorfailure_2"": 25, ""higheffort_2"": false, ""groupinvestsuccess_2"": false, ""payoffinvest_2"": 50, ""payoffbelief_2"": 200, ""droppedouteffort_2"": false, ""leaderdroppedout_2"": false, ""groupreturnsuccess_2"": 300, ""groupreturnfailure_2"": 50, ""droppedoutprior_2"": false, ""droppedoutposterior_2"": false, ""roundpayoff_2"": 50, ""prior_3"": 25, ""posteriorsuccess_3"": 25, ""posteriorfailure_3"": 25, ""higheffort_3"": false, ""groupinvestsuccess_3"": false, ""payoffinvest_3"": 0, ""payoffbelief_3"": 200, ""droppedouteffort_3"": false, ""leaderdroppedout_3"": false, ""groupreturnsuccess_3"": 200, ""groupreturnfailure_3"": 0, ""droppedoutprior_3"": false, ""droppedoutposterior_3"": false, ""roundpayoff_3"": 0, ""gave"": 0, ""kept"": 300, ""droppedoutDG"": null, ""dictator"": false, ""recipient"": true, ""dictatorendowment"": 300, ""dictator_amt"": 150, ""recipient_amt"": 150, ""task2payoff"": 150, ""comments_general"": ""It was easy to understand."", ""comments_unclear"": ""Everything was clear. My computer was giving me trouble."", ""year_birth"": 1991, ""female"": 0, ""study_field"": ""Science"", ""study_lvl"": ""Not a student"", ""gpa"": ""H2B (70%-74%)"", ""nationality"": ""American"", ""other_nationality"": null, ""country_born"": ""US"", ""other_country_born"": null, ""years_lived_australia"": ""2-5 years"", ""past_experiments"": 5, ""reasons_beliefs_general"": ""Assuming the leader did what benefited them."", ""belief_fac_leader_payoff"": true, ""belief_fac_strategy"": true, ""belief_fac_member_payoff"": false, ""belief_fac_diff_return"": false, ""belief_fac_zero"": false, ""belief_fac_none"": false, ""belief_dictator_gave"": 0, ""risk_invest"": 25, ""risk_keep"": 25, ""droppedoutRG"": null, ""risk_payoff"": 25, ""risk_success"": false}",NSM,Member,0.00,1,1,9utu797p,201008 Session 1,,,Session 1 NSM,0
24,yul47kmt,P24,0,74,74,el_end,B_End,2020-10-07 23:11:02.487390+00:00,1,,,0.00,24,"{""id"": 24, ""treatstrategy"": 0, ""survey_part"": 7, ""expiry_timestamp"": 1602116290.283278, ""consent"": true, ""is_dropout"": false, ""ctrl_errors_count"": 6, ""ctrltaskpaid_errors_count"": 1, ""ctrltask1roundpaid_errors_count"": 0, ""ctrlgroup_errors_count"": 0, ""ctrlfeedback_errors_count"": 2, ""ctrlpayoffmember_errors_count"": 2, ""ctrlpayoffleader_errors_count"": 1, ""ctrlpaymentrole_errors_count"": 0, ""ctrlbeliefpayment_errors_count"": 0, ""ctrltruthtelling_errors_count"": 0, ""higheffort_0"": true, ""prior_0"": 50, ""posteriorsuccess_0"": 90, ""posteriorfailure_0"": 10, ""groupinvestsuccess_0"": false, ""payoffinvest_0"": 0, ""payoffbelief_0"": 200, ""droppedouteffort_0"": false, ""leaderdroppedout_0"": false, ""groupreturnsuccess_0"": 200, ""groupreturnfailure_0"": 0, ""droppedoutprior_0"": false, ""droppedoutposterior_0"": false, ""roundpayoff_0"": 0, ""leader"": false, ""member"": true, ""PR_investendowment"": 300, ""PR_leaderhigheffort"": false, ""PR_costefforthigh"": 250, ""PR_costeffortlow"": 50, ""PR_prior"": 70, ""PR_posteriorsuccess"": 90, ""PR_posteriorfailure"": 10, ""PR_groupreturnsuccess"": 250, ""PR_groupreturnfailure"": 50, ""PR_groupinvestsuccess"": true, ""PR_bsrsuccessprior"": true, ""PR_bsrsuccessposterior"": false, ""PR_payoffinvest"": 250, ""PR_payoffbelief"": 0, ""PR_beliefquestion"": 2, ""PR_paidinvest"": false, ""task1payoff"": 0, ""prior_1"": 70, ""posteriorsuccess_1"": 90, ""posteriorfailure_1"": 10, ""higheffort_1"": true, ""groupinvestsuccess_1"": true, ""payoffinvest_1"": 250, ""payoffbelief_1"": 0, ""droppedouteffort_1"": false, ""leaderdroppedout_1"": false, ""groupreturnsuccess_1"": 250, ""groupreturnfailure_1"": 50, ""droppedoutprior_1"": false, ""droppedoutposterior_1"": false, ""roundpayoff_1"": 0, ""prior_2"": 90, ""posteriorsuccess_2"": 90, ""posteriorfailure_2"": 10, ""higheffort_2"": true, ""groupinvestsuccess_2"": false, ""payoffinvest_2"": 50, ""payoffbelief_2"": 200, ""droppedouteffort_2"": false, ""leaderdroppedout_2"": false, ""groupreturnsuccess_2"": 300, ""groupreturnfailure_2"": 50, ""droppedoutprior_2"": false, ""droppedoutposterior_2"": false, ""roundpayoff_2"": 50, ""prior_3"": 0, ""posteriorsuccess_3"": 100, ""posteriorfailure_3"": 0, ""higheffort_3"": false, ""groupinvestsuccess_3"": false, ""payoffinvest_3"": 0, ""payoffbelief_3"": 200, ""droppedouteffort_3"": false, ""leaderdroppedout_3"": false, ""groupreturnsuccess_3"": 200, ""groupreturnfailure_3"": 0, ""droppedoutprior_3"": false, ""droppedoutposterior_3"": false, ""roundpayoff_3"": 0, ""gave"": 10, ""kept"": 290, ""droppedoutDG"": null, ""dictator"": false, ""recipient"": true, ""dictatorendowment"": 300, ""dictator_amt"": 150, ""recipient_amt"": 150, ""task2payoff"": 150, ""comments_general"": ""well documented instruction"", ""comments_unclear"": ""no"", ""year_birth"": 1992, ""female"": 1, ""study_field"": ""Engineering"", ""study_lvl"": ""Graduate student"", ""gpa"": ""H2A (75%-79%)"", ""nationality"": ""Indian"", ""other_nationality"": null, ""country_born"": ""IN"", ""other_country_born"": null, ""years_lived_australia"": ""2-5 years"", ""past_experiments"": 4, ""reasons_beliefs_general"": ""payoff"", ""belief_fac_leader_payoff"": false, ""belief_fac_strategy"": false, ""belief_fac_member_payoff"": true, ""belief_fac_diff_return"": false, ""belief_fac_zero"": false, ""belief_fac_none"": false, ""belief_dictator_gave"": 1, ""risk_invest"": 50, ""risk_keep"": 0, ""droppedoutRG"": null, ""risk_payoff"": 0, ""risk_success"": false}",NSM,Member,0.00,1,1,9utu797p,201008 Session 1,,,Session 1 NSM,0
1,mahz01se,,0,0,74,,,,0,,,0.00,1,,Null,Null,0.00,1,1,qkirjm3k,201008 Session 2,,,Session 2 SM,0
2,xaotb2ij,,0,0,74,,,,0,,,0.00,2,,Null,Null,0.00,1,1,qkirjm3k,201008 Session 2,,,Session 2 SM,0
3,zmqjx9n5,,0,0,74,,,,0,,,0.00,3,,Null,Null,0.00,1,1,qkirjm3k,201008 Session 2,,,Session 2 SM,0
4,lhu3zunt,,0,0,74,,,,0,,,0.00,4,,Null,Null,0.00,1,1,qkirjm3k,201008 Session 2,,,Session 2 SM,0
5,ex48getp,,0,0,74,,,,0,,,0.00,5,,Null,Null,0.00,1,1,qkirjm3k,201008 Session 2,,,Session 2 SM,0
6,fhoyjsdk,,0,0,74,,,,0,,,0.00,6,,Null,Null,0.00,1,1,qkirjm3k,201008 Session 2,,,Session 2 SM,0
7,cp7tbvfo,,0,0,74,,,,0,,,0.00,7,,Null,Null,0.00,1,1,qkirjm3k,201008 Session 2,,,Session 2 SM,0
8,csdemn83,,0,0,74,,,,0,,,0.00,8,,Null,Null,0.00,1,1,qkirjm3k,201008 Session 2,,,Session 2 SM,0
9,st5qot3t,,0,0,74,,,,0,,,0.00,9,,Null,Null,0.00,1,1,qkirjm3k,201008 Session 2,,,Session 2 SM,0
10,nsx5u7nu,,0,0,74,,,,0,,,0.00,10,,Null,Null,0.00,1,1,qkirjm3k,201008 Session 2,,,Session 2 SM,0
11,fypw7k1w,,0,0,74,,,,0,,,0.00,11,,Null,Null,0.00,1,1,qkirjm3k,201008 Session 2,,,Session 2 SM,0
12,zh49wm62,,0,0,74,,,,0,,,0.00,12,,Null,Null,0.00,1,1,qkirjm3k,201008 Session 2,,,Session 2 SM,0
13,8ja5znw5,,0,0,74,,,,0,,,0.00,13,,Null,Null,0.00,1,1,qkirjm3k,201008 Session 2,,,Session 2 SM,0
14,j6be3pxa,,0,0,74,,,,0,,,0.00,14,,Null,Null,0.00,1,1,qkirjm3k,201008 Session 2,,,Session 2 SM,0
15,agln9ymk,,0,0,74,,,,0,,,0.00,15,,Null,Null,0.00,1,1,qkirjm3k,201008 Session 2,,,Session 2 SM,0
16,09rebxff,,0,0,74,,,,0,,,0.00,16,,Null,Null,0.00,1,1,qkirjm3k,201008 Session 2,,,Session 2 SM,0
17,sc5e0t3s,,0,0,74,,,,0,,,0.00,17,,Null,Null,0.00,1,1,qkirjm3k,201008 Session 2,,,Session 2 SM,0
18,wyfvvubi,,0,0,74,,,,0,,,0.00,18,,Null,Null,0.00,1,1,qkirjm3k,201008 Session 2,,,Session 2 SM,0
19,lks8s73y,,0,0,74,,,,0,,,0.00,19,,Null,Null,0.00,1,1,qkirjm3k,201008 Session 2,,,Session 2 SM,0
20,t1r349rd,,0,0,74,,,,0,,,0.00,20,,Null,Null,0.00,1,1,qkirjm3k,201008 Session 2,,,Session 2 SM,0
21,s7ak09y2,,0,0,74,,,,0,,,0.00,21,,Null,Null,0.00,1,1,qkirjm3k,201008 Session 2,,,Session 2 SM,0
22,wyrouc3n,,0,0,74,,,,0,,,0.00,22,,Null,Null,0.00,1,1,qkirjm3k,201008 Session 2,,,Session 2 SM,0
23,riqm26xk,,0,0,74,,,,0,,,0.00,23,,Null,Null,0.00,1,1,qkirjm3k,201008 Session 2,,,Session 2 SM,0
24,xb9mzeg1,,0,0,74,,,,0,,,0.00,24,,Null,Null,0.00,1,1,qkirjm3k,201008 Session 2,,,Session 2 SM,0
1,2ntkls0n,,0,0,74,,,,0,,,0.00,1,,Null,Null,0.00,1,1,mjng8ph4,201008 Session 3,,,Session 3 NSM,0
2,7gpkmel9,,0,0,74,,,,0,,,0.00,2,,Null,Null,0.00,1,1,mjng8ph4,201008 Session 3,,,Session 3 NSM,0
3,es796ou6,,0,0,74,,,,0,,,0.00,3,,Null,Null,0.00,1,1,mjng8ph4,201008 Session 3,,,Session 3 NSM,0
4,svjydsvf,,0,0,74,,,,0,,,0.00,4,,Null,Null,0.00,1,1,mjng8ph4,201008 Session 3,,,Session 3 NSM,0
5,to2es1cd,,0,0,74,,,,0,,,0.00,5,,Null,Null,0.00,1,1,mjng8ph4,201008 Session 3,,,Session 3 NSM,0
6,fed3noki,,0,0,74,,,,0,,,0.00,6,,Null,Null,0.00,1,1,mjng8ph4,201008 Session 3,,,Session 3 NSM,0
7,5205f3z8,,0,0,74,,,,0,,,0.00,7,,Null,Null,0.00,1,1,mjng8ph4,201008 Session 3,,,Session 3 NSM,0
8,mi047txm,,0,0,74,,,,0,,,0.00,8,,Null,Null,0.00,1,1,mjng8ph4,201008 Session 3,,,Session 3 NSM,0
9,zda8a51f,,0,0,74,,,,0,,,0.00,9,,Null,Null,0.00,1,1,mjng8ph4,201008 Session 3,,,Session 3 NSM,0
10,gtqr9nu5,,0,0,74,,,,0,,,0.00,10,,Null,Null,0.00,1,1,mjng8ph4,201008 Session 3,,,Session 3 NSM,0
11,55ze659m,,0,0,74,,,,0,,,0.00,11,,Null,Null,0.00,1,1,mjng8ph4,201008 Session 3,,,Session 3 NSM,0
12,wdvqq1i9,,0,0,74,,,,0,,,0.00,12,,Null,Null,0.00,1,1,mjng8ph4,201008 Session 3,,,Session 3 NSM,0
13,3zcbff0e,,0,0,74,,,,0,,,0.00,13,,Null,Null,0.00,1,1,mjng8ph4,201008 Session 3,,,Session 3 NSM,0
14,wgjcsn7x,,0,0,74,,,,0,,,0.00,14,,Null,Null,0.00,1,1,mjng8ph4,201008 Session 3,,,Session 3 NSM,0
15,u6mp7pg8,,0,0,74,,,,0,,,0.00,15,,Null,Null,0.00,1,1,mjng8ph4,201008 Session 3,,,Session 3 NSM,0
16,mt0f855h,,0,0,74,,,,0,,,0.00,16,,Null,Null,0.00,1,1,mjng8ph4,201008 Session 3,,,Session 3 NSM,0
17,vm36ejcx,,0,0,74,,,,0,,,0.00,17,,Null,Null,0.00,1,1,mjng8ph4,201008 Session 3,,,Session 3 NSM,0
18,y7x8ejk0,,0,0,74,,,,0,,,0.00,18,,Null,Null,0.00,1,1,mjng8ph4,201008 Session 3,,,Session 3 NSM,0
19,jupozxb0,,0,0,74,,,,0,,,0.00,19,,Null,Null,0.00,1,1,mjng8ph4,201008 Session 3,,,Session 3 NSM,0
20,sm5vnuz4,,0,0,74,,,,0,,,0.00,20,,Null,Null,0.00,1,1,mjng8ph4,201008 Session 3,,,Session 3 NSM,0
21,g1fwh1ap,,0,0,74,,,,0,,,0.00,21,,Null,Null,0.00,1,1,mjng8ph4,201008 Session 3,,,Session 3 NSM,0
22,vdhfkylf,,0,0,74,,,,0,,,0.00,22,,Null,Null,0.00,1,1,mjng8ph4,201008 Session 3,,,Session 3 NSM,0
23,0crf9q59,,0,0,74,,,,0,,,0.00,23,,Null,Null,0.00,1,1,mjng8ph4,201008 Session 3,,,Session 3 NSM,0
24,rqncblzz,,0,0,74,,,,0,,,0.00,24,,Null,Null,0.00,1,1,mjng8ph4,201008 Session 3,,,Session 3 NSM,0
